patient_id	outcome	loo_effect	delta_effect	standardized_delta	high_influence_abs_gt_1
E1	1	0.6382731853242908	0.04352953130994974	0.17980215984372347	false
E10	1	0.6106611680312648	0.01591751401692376	0.0657485461813703	false
E12	1	0.554655611217826	-0.04008804279651501	-0.16558682029901556	false
E14	1	0.5688414405871893	-0.02590221342715171	-0.1069911340366405	false
E16	0	0.6380612785457478	0.04331762453140675	0.17892686219357748	false
E17	0	0.6204613822441323	0.025717728229791237	0.10622910338879324	false
E18	1	0.6193459198237704	0.02460226580942937	0.10162159794662626	false
E2	0	0.5662614498882182	-0.02848220412612279	-0.11764798895999422	false
E20	0	0.5743838659641117	-0.02035978805022931	-0.0840977091925387	false
E21	0	0.5833456734915188	-0.01139798052282226	-0.04708025687820117	false
E23	0	0.5725898370862041	-0.022153816928136894	-0.091508086868626	false
E24	0	0.6447399252805184	0.04999627126617734	0.20651353890724342	false
E25	0	0.6182410383194411	0.023497384305100066	0.09705779781206376	false
E26	1	0.6070781769286038	0.012334522914262736	0.05094871903937573	false
E27	1	0.6138118815236583	0.019068227509317248	0.07876281658431446	false
E28	0	0.5823338325062452	-0.012409821508095886	-0.05125974581584141	false
E29	0	0.5923220907726234	-0.002421563241717606	-0.010002457824752004	false
E30	0	0.5737097054446072	-0.02103394856973384	-0.08688238235212713	false
E31	0	0.5752448057607792	-0.01949884825356185	-0.0805415295076717	false
E32	0	0.5951867122864387	0.0004430582720976739	0.00183008711241467	false
E33	0	0.5728343508432984	-0.02190930317104267	-0.09049810352366415	false
E35	1	0.5647692434266629	-0.029974410587678135	-0.12381166535728831	false
E36	0	0.5671093563137709	-0.027634297700570132	-0.11414564464173844	false
E37	1	0.5778018885071969	-0.016941765507144102	-0.06997929768782345	false
E38	1	0.5691990895909191	-0.0255445644234219	-0.10551383663872717	false
E40	0	0.5841177257687499	-0.010625928245591165	-0.04389123409801135	false
E41	1	0.5736418161107896	-0.021101837903551468	-0.08716280459613991	false
E42	0	0.606603690974199	0.011860036959857934	0.04898881740822737	false
E43	0	0.5964293654518871	0.0016857114375460336	0.006962963951664811	false
E44	0	0.5694177040295603	-0.02532594998478077	-0.10461083246988344	false
E47	0	0.5675913987228911	-0.027152255291449934	-0.11215453047882826	false
E48	0	0.6028570920956122	0.008113438081271185	0.03351319545306997	false
E49	0	0.5670280397978411	-0.02771561421649993	-0.1144815289197252	false
E51	0	0.6235908133348319	0.028847159320490867	0.11915546515417431	false
E52	0	0.5636168770465254	-0.031126776967815628	-0.12857160551388389	false
E53	0	0.5924924677996374	-0.00225118621470366	-0.009298702086452618	false
E54	1	0.5673534793397175	-0.02739017467462357	-0.11313727524257737	false
E55	1	0.6088451723592487	0.014101518344907693	0.058247432930911086	false
E56	1	0.6040673568153934	0.009323702801052325	0.03851228926480527	false
E58	0	0.6262390729056692	0.03149541889132812	0.13009431003336352	false
E59	1	0.6259295991543561	0.031185945140015048	0.12881600431247672	false
E6	0	0.5972755995399823	0.002531945525641288	0.010458400548247964	false
E60	1	0.6821658602012463	0.08742220618690522	0.36110431281202393	false
E61	0	0.6199679787786008	0.02522432476425973	0.10419106148695761	false
E63	1	0.6547146189800581	0.05997096496571708	0.24771479738591864	false
E64	1	0.5561454288771589	-0.03859822513718214	-0.15943301103757418	false
E65	0	0.5692180005624068	-0.02552565345193425	-0.10543572338053443	false
E66	1	0.6023288677253315	0.007585213710990413	0.03133132305976753	false
E67	1	0.6010313421056361	0.006287688091295096	0.02597179122349302	false
E69	0	0.6127241894948185	0.01798053548047751	0.07427001893304537	false
E7	0	0.5973466382774097	0.0026029842630687083	0.010751831652090375	false
E70	1	0.5026030535378792	-0.09214060047646189	-0.38059401230397927	false
E72	1	0.5543642887488265	-0.040379365265514555	-0.16679015071771802	false
E73	0	0.6376797132104042	0.04293605919606314	0.17735077650297426	false
E74	0	0.5854683351550678	-0.00927531885927324	-0.038312435579919764	false
E8	1	0.5717603343005526	-0.02298331971378842	-0.09493441350179235	false
Z23	1	0.6269982810909416	0.03225462707660054	0.13323027927941447	false
Z24	0	0.5648765526528801	-0.02986710136146098	-0.12336841614085134	false
Z26	1	0.6600956238793596	0.06535196986501857	0.26994146222489696	false
Z29	0	0.5929771064048568	-0.001766547609484248	-0.00729686413093615	false
Z31	1	0.5468522761849898	-0.04789137782935127	-0.197819110669839	false
Z36	0	0.6406119004154847	0.04586824640114362	0.18946240685308313	false
Z41	0	0.6122078247251086	0.017464170710767557	0.07213713355461183	false
Z43	0	0.5715519802638291	-0.0231916737505119	-0.09579503627184449	false
Z44	0	0.6162871344033894	0.02154348038904841	0.08898704369041542	false
