subject_id	sample_id	run_accession	ARDS_label_original	ARDS_definition_public	collection_time_public	assessment_window_public	individual_sampling_to_ards_interval	baseline_ards_exclusion_verifiable_per_patient	mapping_confidence
E1	SAMN31418866	SRR22016205	1	source-publication ARDS classification	within 24 h of AP onset (cohort-level report)	subsequent ARDS; individual interval unavailable	unavailable	no; only cohort-level publication statement	direct_public_label
E10	SAMN31418880	SRR22016199	1	source-publication ARDS classification	within 24 h of AP onset (cohort-level report)	subsequent ARDS; individual interval unavailable	unavailable	no; only cohort-level publication statement	direct_public_label
E12	SAMN31418881	SRR22016198	1	source-publication ARDS classification	within 24 h of AP onset (cohort-level report)	subsequent ARDS; individual interval unavailable	unavailable	no; only cohort-level publication statement	direct_public_label
E14	SAMN31418872	SRR22016149	1	source-publication ARDS classification	within 24 h of AP onset (cohort-level report)	subsequent ARDS; individual interval unavailable	unavailable	no; only cohort-level publication statement	direct_public_label
E16	SAMN31418912	SRR22016164	0	source-publication ARDS classification	within 24 h of AP onset (cohort-level report)	subsequent ARDS; individual interval unavailable	unavailable	no; only cohort-level publication statement	direct_public_label
E17	SAMN31418894	SRR22016184	0	source-publication ARDS classification	within 24 h of AP onset (cohort-level report)	subsequent ARDS; individual interval unavailable	unavailable	no; only cohort-level publication statement	direct_public_label
E18	SAMN31418878	SRR22016201	1	source-publication ARDS classification	within 24 h of AP onset (cohort-level report)	subsequent ARDS; individual interval unavailable	unavailable	no; only cohort-level publication statement	direct_public_label
E2	SAMN31418910	SRR22016166	0	source-publication ARDS classification	within 24 h of AP onset (cohort-level report)	subsequent ARDS; individual interval unavailable	unavailable	no; only cohort-level publication statement	direct_public_label
E20	SAMN31418913	SRR22016163	0	source-publication ARDS classification	within 24 h of AP onset (cohort-level report)	subsequent ARDS; individual interval unavailable	unavailable	no; only cohort-level publication statement	direct_public_label
E21	SAMN31418914	SRR22016162	0	source-publication ARDS classification	within 24 h of AP onset (cohort-level report)	subsequent ARDS; individual interval unavailable	unavailable	no; only cohort-level publication statement	direct_public_label
E23	SAMN31418895	SRR22016183	0	source-publication ARDS classification	within 24 h of AP onset (cohort-level report)	subsequent ARDS; individual interval unavailable	unavailable	no; only cohort-level publication statement	direct_public_label
E24	SAMN31418892	SRR22016186	0	source-publication ARDS classification	within 24 h of AP onset (cohort-level report)	subsequent ARDS; individual interval unavailable	unavailable	no; only cohort-level publication statement	direct_public_label
E25	SAMN31418896	SRR22016181	0	source-publication ARDS classification	within 24 h of AP onset (cohort-level report)	subsequent ARDS; individual interval unavailable	unavailable	no; only cohort-level publication statement	direct_public_label
E26	SAMN31418888	SRR22016190	1	source-publication ARDS classification	within 24 h of AP onset (cohort-level report)	subsequent ARDS; individual interval unavailable	unavailable	no; only cohort-level publication statement	direct_public_label
E27	SAMN31418882	SRR22016197	1	source-publication ARDS classification	within 24 h of AP onset (cohort-level report)	subsequent ARDS; individual interval unavailable	unavailable	no; only cohort-level publication statement	direct_public_label
E28	SAMN31418915	SRR22016161	0	source-publication ARDS classification	within 24 h of AP onset (cohort-level report)	subsequent ARDS; individual interval unavailable	unavailable	no; only cohort-level publication statement	direct_public_label
E29	SAMN31418897	SRR22016180	0	source-publication ARDS classification	within 24 h of AP onset (cohort-level report)	subsequent ARDS; individual interval unavailable	unavailable	no; only cohort-level publication statement	direct_public_label
E30	SAMN31418916	SRR22016159	0	source-publication ARDS classification	within 24 h of AP onset (cohort-level report)	subsequent ARDS; individual interval unavailable	unavailable	no; only cohort-level publication statement	direct_public_label
E31	SAMN31418917	SRR22016158	0	source-publication ARDS classification	within 24 h of AP onset (cohort-level report)	subsequent ARDS; individual interval unavailable	unavailable	no; only cohort-level publication statement	direct_public_label
E32	SAMN31418898	SRR22016179	0	source-publication ARDS classification	within 24 h of AP onset (cohort-level report)	subsequent ARDS; individual interval unavailable	unavailable	no; only cohort-level publication statement	direct_public_label
E33	SAMN31418918	SRR22016157	0	source-publication ARDS classification	within 24 h of AP onset (cohort-level report)	subsequent ARDS; individual interval unavailable	unavailable	no; only cohort-level publication statement	direct_public_label
E35	SAMN31418867	SRR22016204	1	source-publication ARDS classification	within 24 h of AP onset (cohort-level report)	subsequent ARDS; individual interval unavailable	unavailable	no; only cohort-level publication statement	direct_public_label
E36	SAMN31418919	SRR22016156	0	source-publication ARDS classification	within 24 h of AP onset (cohort-level report)	subsequent ARDS; individual interval unavailable	unavailable	no; only cohort-level publication statement	direct_public_label
E37	SAMN31418873	SRR22016138	1	source-publication ARDS classification	within 24 h of AP onset (cohort-level report)	subsequent ARDS; individual interval unavailable	unavailable	no; only cohort-level publication statement	direct_public_label
E38	SAMN31418883	SRR22016196	1	source-publication ARDS classification	within 24 h of AP onset (cohort-level report)	subsequent ARDS; individual interval unavailable	unavailable	no; only cohort-level publication statement	direct_public_label
E40	SAMN31418920	SRR22016155	0	source-publication ARDS classification	within 24 h of AP onset (cohort-level report)	subsequent ARDS; individual interval unavailable	unavailable	no; only cohort-level publication statement	direct_public_label
E41	SAMN31418868	SRR22016193	1	source-publication ARDS classification	within 24 h of AP onset (cohort-level report)	subsequent ARDS; individual interval unavailable	unavailable	no; only cohort-level publication statement	direct_public_label
E42	SAMN31418921	SRR22016154	0	source-publication ARDS classification	within 24 h of AP onset (cohort-level report)	subsequent ARDS; individual interval unavailable	unavailable	no; only cohort-level publication statement	direct_public_label
E43	SAMN31418922	SRR22016153	0	source-publication ARDS classification	within 24 h of AP onset (cohort-level report)	subsequent ARDS; individual interval unavailable	unavailable	no; only cohort-level publication statement	direct_public_label
E44	SAMN31418923	SRR22016152	0	source-publication ARDS classification	within 24 h of AP onset (cohort-level report)	subsequent ARDS; individual interval unavailable	unavailable	no; only cohort-level publication statement	direct_public_label
E47	SAMN31418924	SRR22016151	0	source-publication ARDS classification	within 24 h of AP onset (cohort-level report)	subsequent ARDS; individual interval unavailable	unavailable	no; only cohort-level publication statement	direct_public_label
E48	SAMN31418899	SRR22016178	0	source-publication ARDS classification	within 24 h of AP onset (cohort-level report)	subsequent ARDS; individual interval unavailable	unavailable	no; only cohort-level publication statement	direct_public_label
E49	SAMN31418925	SRR22016150	0	source-publication ARDS classification	within 24 h of AP onset (cohort-level report)	subsequent ARDS; individual interval unavailable	unavailable	no; only cohort-level publication statement	direct_public_label
E51	SAMN31418900	SRR22016177	0	source-publication ARDS classification	within 24 h of AP onset (cohort-level report)	subsequent ARDS; individual interval unavailable	unavailable	no; only cohort-level publication statement	direct_public_label
E52	SAMN31418926	SRR22016148	0	source-publication ARDS classification	within 24 h of AP onset (cohort-level report)	subsequent ARDS; individual interval unavailable	unavailable	no; only cohort-level publication statement	direct_public_label
E53	SAMN31418927	SRR22016147	0	source-publication ARDS classification	within 24 h of AP onset (cohort-level report)	subsequent ARDS; individual interval unavailable	unavailable	no; only cohort-level publication statement	direct_public_label
E54	SAMN31418869	SRR22016182	1	source-publication ARDS classification	within 24 h of AP onset (cohort-level report)	subsequent ARDS; individual interval unavailable	unavailable	no; only cohort-level publication statement	direct_public_label
E55	SAMN31418884	SRR22016195	1	source-publication ARDS classification	within 24 h of AP onset (cohort-level report)	subsequent ARDS; individual interval unavailable	unavailable	no; only cohort-level publication statement	direct_public_label
E56	SAMN31418874	SRR22016127	1	source-publication ARDS classification	within 24 h of AP onset (cohort-level report)	subsequent ARDS; individual interval unavailable	unavailable	no; only cohort-level publication statement	direct_public_label
E58	SAMN31418928	SRR22016146	0	source-publication ARDS classification	within 24 h of AP onset (cohort-level report)	subsequent ARDS; individual interval unavailable	unavailable	no; only cohort-level publication statement	direct_public_label
E59	SAMN31418875	SRR22016121	1	source-publication ARDS classification	within 24 h of AP onset (cohort-level report)	subsequent ARDS; individual interval unavailable	unavailable	no; only cohort-level publication statement	direct_public_label
E6	SAMN31418911	SRR22016165	0	source-publication ARDS classification	within 24 h of AP onset (cohort-level report)	subsequent ARDS; individual interval unavailable	unavailable	no; only cohort-level publication statement	direct_public_label
E60	SAMN31418885	SRR22016194	1	source-publication ARDS classification	within 24 h of AP onset (cohort-level report)	subsequent ARDS; individual interval unavailable	unavailable	no; only cohort-level publication statement	direct_public_label
E61	SAMN31418929	SRR22016145	0	source-publication ARDS classification	within 24 h of AP onset (cohort-level report)	subsequent ARDS; individual interval unavailable	unavailable	no; only cohort-level publication statement	direct_public_label
E63	SAMN31418889	SRR22016189	1	source-publication ARDS classification	within 24 h of AP onset (cohort-level report)	subsequent ARDS; individual interval unavailable	unavailable	no; only cohort-level publication statement	direct_public_label
E64	SAMN31418870	SRR22016171	1	source-publication ARDS classification	within 24 h of AP onset (cohort-level report)	subsequent ARDS; individual interval unavailable	unavailable	no; only cohort-level publication statement	direct_public_label
E65	SAMN31418901	SRR22016176	0	source-publication ARDS classification	within 24 h of AP onset (cohort-level report)	subsequent ARDS; individual interval unavailable	unavailable	no; only cohort-level publication statement	direct_public_label
E66	SAMN31418879	SRR22016200	1	source-publication ARDS classification	within 24 h of AP onset (cohort-level report)	subsequent ARDS; individual interval unavailable	unavailable	no; only cohort-level publication statement	direct_public_label
E67	SAMN31418890	SRR22016188	1	source-publication ARDS classification	within 24 h of AP onset (cohort-level report)	subsequent ARDS; individual interval unavailable	unavailable	no; only cohort-level publication statement	direct_public_label
E69	SAMN31418902	SRR22016175	0	source-publication ARDS classification	within 24 h of AP onset (cohort-level report)	subsequent ARDS; individual interval unavailable	unavailable	no; only cohort-level publication statement	direct_public_label
E7	SAMN31418893	SRR22016185	0	source-publication ARDS classification	within 24 h of AP onset (cohort-level report)	subsequent ARDS; individual interval unavailable	unavailable	no; only cohort-level publication statement	direct_public_label
E70	SAMN31418891	SRR22016187	1	source-publication ARDS classification	within 24 h of AP onset (cohort-level report)	subsequent ARDS; individual interval unavailable	unavailable	no; only cohort-level publication statement	direct_public_label
E72	SAMN31418886	SRR22016192	1	source-publication ARDS classification	within 24 h of AP onset (cohort-level report)	subsequent ARDS; individual interval unavailable	unavailable	no; only cohort-level publication statement	direct_public_label
E73	SAMN31418903	SRR22016174	0	source-publication ARDS classification	within 24 h of AP onset (cohort-level report)	subsequent ARDS; individual interval unavailable	unavailable	no; only cohort-level publication statement	direct_public_label
E74	SAMN31418904	SRR22016173	0	source-publication ARDS classification	within 24 h of AP onset (cohort-level report)	subsequent ARDS; individual interval unavailable	unavailable	no; only cohort-level publication statement	direct_public_label
E8	SAMN31418871	SRR22016160	1	source-publication ARDS classification	within 24 h of AP onset (cohort-level report)	subsequent ARDS; individual interval unavailable	unavailable	no; only cohort-level publication statement	direct_public_label
Z23	SAMN31418887	SRR22016191	1	source-publication ARDS classification	within 24 h of AP onset (cohort-level report)	subsequent ARDS; individual interval unavailable	unavailable	no; only cohort-level publication statement	direct_public_label
Z24	SAMN31418930	SRR22016144	0	source-publication ARDS classification	within 24 h of AP onset (cohort-level report)	subsequent ARDS; individual interval unavailable	unavailable	no; only cohort-level publication statement	direct_public_label
Z26	SAMN31418876	SRR22016203	1	source-publication ARDS classification	within 24 h of AP onset (cohort-level report)	subsequent ARDS; individual interval unavailable	unavailable	no; only cohort-level publication statement	direct_public_label
Z29	SAMN31418905	SRR22016172	0	source-publication ARDS classification	within 24 h of AP onset (cohort-level report)	subsequent ARDS; individual interval unavailable	unavailable	no; only cohort-level publication statement	direct_public_label
Z31	SAMN31418877	SRR22016202	1	source-publication ARDS classification	within 24 h of AP onset (cohort-level report)	subsequent ARDS; individual interval unavailable	unavailable	no; only cohort-level publication statement	direct_public_label
Z36	SAMN31418906	SRR22016170	0	source-publication ARDS classification	within 24 h of AP onset (cohort-level report)	subsequent ARDS; individual interval unavailable	unavailable	no; only cohort-level publication statement	direct_public_label
Z41	SAMN31418907	SRR22016169	0	source-publication ARDS classification	within 24 h of AP onset (cohort-level report)	subsequent ARDS; individual interval unavailable	unavailable	no; only cohort-level publication statement	direct_public_label
Z43	SAMN31418908	SRR22016168	0	source-publication ARDS classification	within 24 h of AP onset (cohort-level report)	subsequent ARDS; individual interval unavailable	unavailable	no; only cohort-level publication statement	direct_public_label
Z44	SAMN31418909	SRR22016167	0	source-publication ARDS classification	within 24 h of AP onset (cohort-level report)	subsequent ARDS; individual interval unavailable	unavailable	no; only cohort-level publication statement	direct_public_label
