path	bytes	sha256	category
.gitattributes	111	62b5a41c36b34d3b85d0bcd820eff83f692edcb2a542ce51321d485d6ca3343d	documentation
.github/workflows/reproduce.yml	467	cf8f2c6a84004e87be77f6a5df2f793dfb8e1dd79b2a0701f5f165987ec09983	validation
.gitignore	282	f34ffd962cc7170835ea82b5895427c13a58767ef855edb109242fafa8ac2ca6	documentation
CITATION.cff	849	cbc3b25a54bf82e773f2f09ba554e0c4b8fb6d2cba059d3e92b9cdf71482216d	documentation
CODE_AVAILABILITY.md	1725	97e164ddc4ba215d96c3fb90f8eaa414f8b8ba34820fa213c27d75fb7b0fe4ea	documentation
DATA_USE_NOTICE.md	656	46ba47eadf6f7e35f15968be87604f387765c95f941adf40b1be8b025f211d4f	documentation
LICENSE	1083	98ef1b0d4b6d0cfd5387c99448ccaa5f7d8adffffa6c2fb98fbca50532c3bcde	documentation
README.md	4464	f242e7ca4aa27e44a668486c71917baab7d319edbfbea0e5e049d35acecd8344	documentation
README_zh-CN.md	1320	322955111a341df07c0807a6d706d0f52c12ce0d60792b34033fc6b94cc70d0d	documentation
data/README.md	1098	2f99f13d494f923f193260323ce254c64dbd5a81561b56d5cc1dc34294f1e703	data
data/figure_source_data/figure1_public_ards_eligibility.tsv	1836	8471c2881a23a7ba9bb1da46eff28196ef8001d8ca721f6fbda8e04b7b11ed1c	data
data/figure_source_data/figure2_component_details.tsv	1504	a051b12066eb24ac49fce013365034426c79ef64f44aabe5dd87ad5f78a784d2	data
data/figure_source_data/figure3_firth_models.tsv	662	c26e07cad4d99ab98ba361d2f5103f3e5332b74d5a985f3cb4533995e1269965	data
data/figure_source_data/figure3_patient_scores.tsv	13091	f57dfb28073d0caf488bbcaaea3c760003cb3bc9696e39291f30c79200800edf	data
data/figure_source_data/figure3_primary_effect.tsv	263	9ff9e26a0710e35ed1055fd538f07c5ef8defbedf74350992fb82dfd82b55a23	data
data/figure_source_data/figure4_leave_one_patient_out.tsv	4492	9c2ecc4f4ee34799f7fcee2f535c5c6ea428e02441e7411c17defcb1e04be1fa	data
data/figure_source_data/figure4_posthoc_compositional.tsv	757	8bfb79212028afbfb9a0a9d8ac9b8e8f94fcceb93f78828368d9138f5e6ece7b	data
data/figure_source_data/figure4_sensitivity_with_ci.tsv	1947	69ac0a050289ef398a6173ed0c4c0eaa1c2db6202f14c55eb06bd0e6bbce76b9	data
data/figure_source_data/figure5_correlation_ci.tsv	262	8fb36f7b7144deb9d960051bdc4c58ca134eab5b1cd322e0df3913d6765674c8	data
data/figure_source_data/figure5_genus_detection_concordance.tsv	282	b789c61e8bd9ece64ecde44e2b609f3acd599261424ad3f1534f840fd97cd81a	data
data/figure_source_data/figure5_genus_effects.tsv	941	ed90974e4906056b155bd9db8af9dc2c52dfc9bc4ba58214ad041776a2dbcf1c	data
data/figure_source_data/figure5_paired_scores.tsv	10321	edb7c907633fb894645185285996e96ebc83e3bc671760ff2cb772ef875049fe	data
data/figure_source_data/figure6_host_results.tsv	842	5fd699a2610a8c98f1d097ed3a5a9f48528471d874e1a10adb636425e9b39821	data
data/figure_source_data/figure6_host_scores.tsv	8504	c7d217cd7bb9b23dc4fc82e86cd86317432f1fc947ba6aea460dd8769c17e9f1	data
data/figure_source_data/figure6_module_dictionary.tsv	12665	195967dcfdee23b101823f9c322e31c5c4cb27291f3d2a12be58932b2202adac	data
data/figure_source_data/figure6_module_overlap.tsv	436	9c46b1adc6b8ae116e12aa08d555027591925e34fea50b3d743183be05bc1072	data
data/frozen/FROZEN_ANALYSIS_PROTOCOL.md	3244	1857c433d6d64439cb396f14b5409859cba02172c72441abdadbd2339ebd83fa	data
data/frozen/analysis_plan.json	1076	7f1495476c47a2e05073f73a85e6dda211d1e0b9ac737e46a37dda6b4981f33d	data
data/frozen/protocol_deviations.md	1571	97425da28d9b05be7a4ee8b50bda4407ccad7c1a4d4226d4f83ab5a92c04aae2	data
data/frozen/protocol_lock_manifest.tsv	979	6582b399bc31af8803c096b54dccd236615b451ff4e9e2a9832eddf768670a58	data
data/frozen/signature_lock.json	1788	f9b66677bb4f1f76be9d7a147bbd51f97b689ae115fc46e76f27ee7b22009d2f	data
data/frozen/software_lock.tsv	354	2304937fea62c8a19eb19855710f9b263a4995dce93d3b3ebbe2e5ad9cfca223	data
data/frozen/stage0_locked_signature.tsv	20148	0a10ecee753b8c31f00b216d2f457c6795abf5c09abee75714f665f09974b0af	data
data/frozen/stage0_locked_signature_provenance.json	1560	63b0ce9e434ad733f5b0bc5fe5aebf18cb05bed797b4dac219f045e42375ca43	data
data/frozen/variable_dictionary.tsv	512	687d9c0b0d230f57800cee674cb305acf060a6b9cd1b67a96d15a52575f355fc	data
data/host_response/ensembl_symbol_mapping.tsv	3564	6b677d1e25d1bb62c272b497f40e20224c88b8cbb91cdd7299c5cba7d78d3225	data
data/host_response/host_module_results.tsv	913	9241848c2380d94b78ee59fee75b796dacd602d8bf5b65bd7377c9e48a994c19	data
data/host_response/host_module_scores.tsv	9003	5d399e9f56e2e46bf180a312d7628793861ed135992cfa04e806b87a3452fa01	data
data/host_response/host_response_summary.json	2454	e612b9f04017f65fb031d3d20cecf819d442bacdc51f280b9857b46cd7350b32	data
data/host_response/module_gene_coverage.tsv	2432	981f1778ad51c1af1eaba98e6c2dbf2d1430bf7e45372c45d60e400cf0d02eb3	data
data/metadata/analysis_population_flow.tsv	241	51e21d28bfd657a3018b74eeb95f1ab095f3b3836c3860d062c49a4cbafc819a	data
data/metadata/blind_sample_qc.tsv	2054	fe7e8f9b85c0da5e1bb6ce98f481665f3ebae8e163c5e5f1b05c34ee2e81ed70	data
data/metadata/exclusion_log.tsv	986	1083201b6f8876d8feab9912fe6df95e51ec7eac66981b1db9cea226e02af7a0	data
data/metadata/source_provenance.tsv	522	d3d63a98f1cb15a255c1d0437c26c9c9ae8f9b43e19f6b73c64c3e9dff5d1935	data
data/metadata/stage08_patient_sample_ledger.tsv	138866	ca8594ee28ff2e628867a81ab1fe5b70906011642b75b439972478d419106799	data
data/metadata/subject_sample_run_map.tsv	36987	66eebc1baff2a15235f3b12ec327d9e85e20d8199a84c592b8b504d51409b956	data
data/processed/PRJNA428535_genus_counts.tsv.gz	25170	3defab24bcaf4c925ec16992ffed5a4aa0366f0609eb89f6227179d2792ef914	data
data/processed/PRJNA893348_genus_counts.tsv.gz	14702	a0e3ed352167ac9cbaed7547e40381fc3b0c962393f6b7375d40670ff9fe5652	data
data/published_results/alternative_compositional_sensitivity.tsv	778	e779a7764889bb301be9a9347350c32de4ded8da6382ccfb9e395bc65689f060	data
data/published_results/blood_neutrophil_summary.json	2668	e9a0af1e4a5791fc205864dc2097333d874da642d2b5f235e08fb13a55a86a46	data
data/published_results/clinical_baseline_by_ards.tsv	1037	86ca28ed53210cea0ca12a8dccfe63203e45a348997ba7c06797a3e06c166025	data
data/published_results/clinical_missingness.tsv	498	a26d26fcec96567f5630cc999bc3822ae6db27e9038efb70dce4a7a1a5c08324	data
data/published_results/contamination_sensitivity.tsv	724	a5244b21b717e474f5069f82c40e4457c4418a456a036de579e4655512835b14	data
data/published_results/covariate_support.tsv	2159	f40ac00cc0a78d5f35be17caa1d5a38b1eedb79f22e47c74645b5bfa96793193	data
data/published_results/excluded_candidate_cohorts.tsv	1699	29d607b849123f1570b1bf10873972af1f54324ad3a92df1d1b5b3daf30189b4	data
data/published_results/firth_logistic_models.tsv	684	f2e40070d1a0f0d25e910d85f397d8cf058fd848ad29d9abb9211f842f8dc993	data
data/published_results/genus_pair_concordance.tsv	289	27f4187993ecdd052cce9b9b41bb176ed56d86b5e011a2bb67e4d080bd24747b	data
data/published_results/host_module_dictionary.tsv	12665	195967dcfdee23b101823f9c322e31c5c4cb27291f3d2a12be58932b2202adac	data
data/published_results/host_module_overlap.tsv	445	de4fdfaed3d3f88b6c16fdfe7b412d316ca5eee3f68f4b7b19f6db2180e62e42	data
data/published_results/host_module_results.tsv	913	9241848c2380d94b78ee59fee75b796dacd602d8bf5b65bd7377c9e48a994c19	data
data/published_results/host_module_scores.tsv	9003	5d399e9f56e2e46bf180a312d7628793861ed135992cfa04e806b87a3452fa01	data
data/published_results/host_response_summary.json	2454	e612b9f04017f65fb031d3d20cecf819d442bacdc51f280b9857b46cd7350b32	data
data/published_results/leave_one_patient_out.tsv	4748	c5a2e371cb10cbc4a520abbae9475f4cc205f81b41081de2effce5eadaec530b	data
data/published_results/paired_correlation_ci.tsv	268	dc7ff3b61c7f47fc6cb7c1fb4bf47298cda1e3186c3128148014cca9d1410568	data
data/published_results/paired_genus_effects.tsv	975	2254e7583dd25ecf8a6a82f16bb264e78b813eac18623768dfd416ea42590077	data
data/published_results/paired_results.tsv	588	ad362317be44b444814edf2c6e1dddd8a5d565be8850378cc5d29b32fc1f9a93	data
data/published_results/paired_scores.tsv	10654	b66d55c063ca2048ca78d6396f6c4302cc9a3376c582ce0d60797ee1fc538ad6	data
data/published_results/patient_outcome_timing.tsv	15889	f390541965e2cbbcf962da1f4a8e9e83bd0079c9d88cc2b313fcabca366e0b7c	data
data/published_results/patient_signature_components.tsv	13748	871f66e8946bd4805fdd8a7f0e72563235ab61898d5400fb13e7335a696fdd60	data
data/published_results/primary_component_details.tsv	1583	9e401375c86bf1c907bed6414555e3427ab39c98292f6b7fd4b5d51d0225c1f9	data
data/published_results/primary_effects.tsv	273	a4b4b545f1b9e3693e57973b6f5c86518784106e6c3dfc18efc89d3264ffc3d9	data
data/published_results/public_dataset_ards_eligibility.tsv	1836	8471c2881a23a7ba9bb1da46eff28196ef8001d8ca721f6fbda8e04b7b11ed1c	data
data/published_results/sensitivity_with_ci.tsv	1989	85aa515512e83b3d16c58f3dc63003374bbcfdb038eeedf30decb2b59a576291	data
docs/ACCESSIONS.md	1585	fecbbd990d566139e6ba9bf7c612a2ffead14297e7f67b60c1486b5a26798e0a	documentation
docs/DATA_DICTIONARY.md	2772	ad179b25da59762fbdfbbe878a75c3fe7c6d43fe8b190a295e32696b75942809	documentation
docs/GITHUB_PACKAGE_REPORT_zh-CN.md	1940	b8813e7e889dec0f9d1aed2ac64d16f9750c00947dea1df045d31dee11dc7115	documentation
docs/PROVENANCE.md	1164	e2a0ec17ee631264bef62df85b06c4f03c8a9416abe90c94bd8291fd02962a59	documentation
docs/REPRODUCIBILITY_SCOPE.md	2195	474fe13168f213e1a020f811664f9a4f52049e5bab527139b70413c5bc503829	documentation
docs/REPRODUCTION_VALIDATION.md	1650	13199420b18bed925d3d54402d621db5489e909ca2e1c9440f4f208998bd8afa	documentation
docs/R_ENVIRONMENT.md	905	778c27cc4b46bb5a6d41a5c15d8949ff750c3f1e326f7be277744a948703ffe0	documentation
environment.yml	174	386ff4f1f9970fc9fe3ff064e692a69c6e025d8c28345ebc36efce6c7fa2ad1e	documentation
requirements.txt	27	3091784e4f8a96fa6a7025eaa2041182f44bdf52bb0d6ef77e89f46404e2387f	documentation
results/analysis/alternative_compositional_sensitivity.tsv	777	fd2945502beefd89c0c9f4b9743dead16165f1eb71b7c9d3cbf9560841703bf5	result
results/analysis/clinical_baseline_by_ards.tsv	1037	86ca28ed53210cea0ca12a8dccfe63203e45a348997ba7c06797a3e06c166025	result
results/analysis/clinical_missingness.tsv	498	a26d26fcec96567f5630cc999bc3822ae6db27e9038efb70dce4a7a1a5c08324	result
results/analysis/contamination_sensitivity.tsv	725	5514fc9664ca4f9ed2d2bb516326d051354809f142d6c29e84922b39740c35d8	result
results/analysis/covariate_support.tsv	2152	24ffd7bc67d39fe1fc9a04a6987d3346d749ad1fdb61c9703cd372b055c08a10	result
results/analysis/exploratory_single_genus.tsv	396	ce7613642e49940b148c8f90c4fe9df3a4c316cc24e51613ab6f71f184bd3659	result
results/analysis/firth_logistic_models.tsv	688	a70759c733031c6150fcf90077d947597bc7d3d893f63a9e698190a4756b26d0	result
results/analysis/genus_pair_concordance.tsv	289	27f4187993ecdd052cce9b9b41bb176ed56d86b5e011a2bb67e4d080bd24747b	result
results/analysis/host_module_dictionary.tsv	12665	195967dcfdee23b101823f9c322e31c5c4cb27291f3d2a12be58932b2202adac	result
results/analysis/host_module_overlap.tsv	445	de4fdfaed3d3f88b6c16fdfe7b412d316ca5eee3f68f4b7b19f6db2180e62e42	result
results/analysis/influence_diagnostics.tsv	4788	4db37bdbf1c5d5f42e548f3c6e147f4ac0040b864263dd1d6f40d6dc5a26d159	result
results/analysis/leave_one_patient_out.tsv	4747	ee9adad155db92c1638d905cd5f3554c5cdc1402771d40b407be98aee82c89a2	result
results/analysis/lock_audit_manifest.tsv	908	bdc5e4b2d9f618115f04f984f255343cc72a22f94c2c856f63066054924518d3	result
results/analysis/paired_correlation_ci.tsv	268	dc7ff3b61c7f47fc6cb7c1fb4bf47298cda1e3186c3128148014cca9d1410568	result
results/analysis/paired_genus_effects.tsv	976	f7ac9cc1c34c5009a41c214918921d98ae524692e13e18cdfc295105a3165903	result
results/analysis/paired_results.tsv	588	07fcb126c5d3789c313ab57a44b4ae8c1f830566316fd36cbea650ebb48a05ae	result
results/analysis/paired_scores.tsv	10648	589312d7761420479a43aced7d64a6f850830195f5a81adec4d3c0027889e356	result
results/analysis/patient_outcome_timing.tsv	15889	f390541965e2cbbcf962da1f4a8e9e83bd0079c9d88cc2b313fcabca366e0b7c	result
results/analysis/patient_signature_components.tsv	13741	29458475919e367aabaf7820154cdccc879f976c1fe6333c1cf9f3bef622d8df	result
results/analysis/permutation_summary.tsv	271485	4285680a1265657452cd4990e0290d98c11bee980ce844418e0b0253507362a8	result
results/analysis/primary_component_details.tsv	1584	bced15f66762194e87bb6eef7a37806076bf9a192eb3aa73baad9ad72d939485	result
results/analysis/primary_effects.tsv	272	061347176b5306b3b161c00ca6906de42169c91944ff7a7f17dc1afdbc020706	result
results/analysis/primary_reproduction_manifest.json	1588	111f5cd45ea9be2d26cb3378609fd53af15e907870fcaa6eb682ac79394380d6	result
results/analysis/primary_test.json	1159	9113b617627f1135af25517c2bfdd7d56fc7946a2b2ef122fcd34cad7a538111	result
results/analysis/reproduction_report.json	1268	af0f0e3b14657473746cf059e3b633a7f23f25848968c74acc95e3a3da5f85bc	result
results/analysis/revision_analysis_summary.json	4991	80b0134a51e8fa9ef57cd485c689ba268d77b48c825633cb4cb4a9695ae1fd04	result
results/analysis/sensitivity_with_ci.tsv	1990	8e880baad29c4db16431de18c683b49f5283c0a3bfc278c587b9a4d9e529a768	result
results/figures/Figure_1_study_design.pdf	26705	b5bbcfdaade56dc779d047c1fff1d3516746a07d415401e151dbc65e519d4584	result
results/figures/Figure_2_score_construction.pdf	24113	637e0d514ee277733c557f86b458b6506b815cea9c51bfb741c88f1954a17a61	result
results/figures/Figure_3_primary_ards_association.pdf	27573	21f1494ae03570fec3f989ab12e9349e3fd22e58bdf11f11e4ce575ad427089f	result
results/figures/Figure_4_robustness.pdf	23474	ef70e7a3f500f367dc5191aa27975bae5b738c22b51b04241cf5c807419cdead	result
results/figures/Figure_5_blood_neutrophil.pdf	46475	81282a40c2e326d58c1d88743312dcbd8baa2ef3cbe2f9f7ee23dffa384849b9	result
results/figures/Figure_6_host_response.pdf	54937	e83ce8aec4f8ab157fbdb966d995805d6e9e9fcba0a79290033b0c8cbfe2658f	result
run_all.py	1642	01985c94c81e8d3a9583966ec210c10d40876d1fe1933cdd0a85c6a7aec629b5	code
scripts/analysis/reproduce_primary.py	16144	ecc215a5c2d1d513530034c0c61e937fcba9d2646b3512b6813123fef9124b80	code
scripts/analysis/reproduce_secondary.py	32620	705cfbd3141a1c21548d77b5b785b0b836b6cc4dd8e28c6bba7fac73f6653b48	code
scripts/analysis/verify_reproduction.py	5949	ae6f4e0d2127dce53f0d6e3ebea6576ec14877bc90be5af60d2a149f92de4622	code
scripts/figures/make_figures.R	25290	abf54dc12ef16ea88439f444d9218d4b8503362b3207b09b414100d5b3ac1c32	code
scripts/raw_preprocessing/analyze_prjna428535.py	9648	c38fc3154c9b359f8e7d43e6cad686d342624e19e9b74075539f9fb66c746f7a	code
scripts/raw_preprocessing/build_supporting_evidence.py	14616	9093275b96a1fa6ee797619b8214539790bd6b042085876d1ae68a1b9b1b8241	code
scripts/raw_preprocessing/download_prjna428535.py	2942	57c39be60103a2023024eedc2ee1d7b3a20c2fd4692aea24525901352c76e1e9	code
scripts/raw_preprocessing/make_publication_figures.R	18567	57b3a4849412149d267eca66484ec62c27a1657c1718a1254c9eeeff0244c7f7	code
scripts/raw_preprocessing/prepare_stage1.py	25933	22ab3ddc646477277dd11e55c3858c31b07f245b98b8b3e0c7f60daf188aa7f8	code
scripts/raw_preprocessing/run_host_support.py	15145	3a031a85c25ea9f79343431a87df6e1905a0f8290f32ecba6793f1a3340e01dc	code
scripts/raw_preprocessing/run_primary.py	16905	ff8b25d9eafc1d36fc6b11624d97dbbabaf079981300ac16b98585a7282f2c61	code
scripts/raw_preprocessing/run_prjna428535_analysis_branch.sh	339	200706c5c00688dd44205d2a1966b4c01ad74c0c430f8351b93eb910a5c690d1	code
scripts/raw_preprocessing/run_prjna428535_branch.sh	476	63622b8b96919b71019c74eaa562ceb50df607bd276c8a6f738297faf171a240	code
scripts/raw_preprocessing/run_prjna428535_dada2.R	3700	9e1799517f431db96ee15292e2a6a0a5acaa56b97f1c912bd271acec47a073f5	code
tests/test_repository.py	3355	5e6af85cfa2dfcdf4d54d5a5b32b25ad22ff543fbee6294baa0e31ebbbde7a20	validation
