analysis	n	effect	p	critical
primary_pseudocount_0.5	65	0.5947436540143409	0.009299070092990702	true
log_depth_residualized	65	0.5934986657123021	0.009599040095990401	true
exclude_blind_bottom_5pct_depth	61	0.6900314978795018	0.005499450054994501	true
pseudocount_1.0	65	0.6011030190107927	0.007399260073992601	true
leave_out_Borreliella_fixed_weight	65	0.6212174532041328	0.0071992800719928	true
leave_out_Escherichia_fixed_weight	65	0.6165964897032855	0.0059994000599940004	true
leave_out_Staphylococcus_fixed_weight	65	0.557629967407606	0.012998700129987	true
leave_out_Enterococcus_fixed_weight	65	0.6085919274881807	0.0081991800819918	true
leave_out_Klebsiella_fixed_weight	65	0.3243540377784694	0.100989901009899	true
