model	term	beta	SE	OR	CI_low	CI_high	Wald_p_two_sided	converged	iterations
unadjusted	intercept	-0.4397568250590437	0.26632524977282995	0.6441930536455972	0.3822217602446903	1.0857170719416258	0.09869730423335545	true	5
unadjusted	signature_per_1SD	0.6379345481629788	0.2789576885436435	1.8925678318855237	1.0954634093380142	3.2696783550738155	0.02220454680275967	true	5
age_sex_bmi_adjusted	intercept	-0.9972803421494348	0.4373987564838236	0.36888130913318995	0.15651836856645174	0.8693766838621526	0.022606172924091127	true	5
age_sex_bmi_adjusted	signature_per_1SD	0.6781991186321124	0.30059288023975245	1.9703262114935967	1.0931211812526063	3.5514684430962338	0.024057804054439528	true	5
age_sex_bmi_adjusted	age_per_1SD	0.4301136729689058	0.29630007850996565	1.5374322781072025	0.8601620468536519	2.747968267621161	0.14660865319386743	true	5
age_sex_bmi_adjusted	male_vs_female	1.0284115813489367	0.6062305383477213	2.796620101262084	0.8523140013936744	9.17629415684171	0.08980949937529065	true	5
age_sex_bmi_adjusted	BMI_per_1SD	-0.09889079667330256	0.2963693310767616	0.9058416235412501	0.5067311533380576	1.6192985995325844	0.7386254273329029	true	5
age_sex_bmi_logdepth_adjusted	intercept	-0.9975738418107216	0.43745942645679126	0.3687730584804464	0.15645383169535104	0.8692249156660551	0.02258514518837909	true	5
age_sex_bmi_logdepth_adjusted	signature_per_1SD	0.6760428071793195	0.30066815516724205	1.9660821519196077	1.090605692447035	3.5443415112053063	0.024546346067203274	true	5
age_sex_bmi_logdepth_adjusted	age_per_1SD	0.41769823566825826	0.2997662103029547	1.5184623874707628	0.8437968296522153	2.7325630307401747	0.16349483470240056	true	5
age_sex_bmi_logdepth_adjusted	male_vs_female	1.0232877094096862	0.6062177555762155	2.7823272267004215	0.8479792680700475	9.12916752558977	0.09141371849872271	true	5
age_sex_bmi_logdepth_adjusted	BMI_per_1SD	-0.09231042390714868	0.29853235813373297	0.9118220542428864	0.5079187191648573	1.6369143865592792	0.7571586447674135	true	5
age_sex_bmi_logdepth_adjusted	log_depth_per_1SD	-0.0654138841409638	0.2785041803611255	0.9366797062640935	0.5426546974382264	1.6168087667330373	0.8143051553640434	true	5
