module_version	module	symbol	direction	weight_rule	ensembl_gene_id	found_in_filtered_matrix	selection_status	scientific_role
stage1_modules_20260929_v1	neutrophil_degranulation	MPO	1	equal mean of signed within-gene z scores	ENSG00000005381	true	specified in analysis script before module results; not externally registered	independent AP-severity context only; not an ARDS or same-patient microbe-host test
stage1_modules_20260929_v1	neutrophil_degranulation	ELANE	1	equal mean of signed within-gene z scores	ENSG00000197561	true	specified in analysis script before module results; not externally registered	independent AP-severity context only; not an ARDS or same-patient microbe-host test
stage1_modules_20260929_v1	neutrophil_degranulation	CTSG	1	equal mean of signed within-gene z scores	ENSG00000100448	true	specified in analysis script before module results; not externally registered	independent AP-severity context only; not an ARDS or same-patient microbe-host test
stage1_modules_20260929_v1	neutrophil_degranulation	PRTN3	1	equal mean of signed within-gene z scores	ENSG00000196415	true	specified in analysis script before module results; not externally registered	independent AP-severity context only; not an ARDS or same-patient microbe-host test
stage1_modules_20260929_v1	neutrophil_degranulation	AZU1	1	equal mean of signed within-gene z scores	ENSG00000172232	true	specified in analysis script before module results; not externally registered	independent AP-severity context only; not an ARDS or same-patient microbe-host test
stage1_modules_20260929_v1	neutrophil_degranulation	LTF	1	equal mean of signed within-gene z scores	ENSG00000012223	true	specified in analysis script before module results; not externally registered	independent AP-severity context only; not an ARDS or same-patient microbe-host test
stage1_modules_20260929_v1	neutrophil_degranulation	CAMP	1	equal mean of signed within-gene z scores	ENSG00000164047	true	specified in analysis script before module results; not externally registered	independent AP-severity context only; not an ARDS or same-patient microbe-host test
stage1_modules_20260929_v1	neutrophil_degranulation	DEFA4	1	equal mean of signed within-gene z scores	ENSG00000164821	true	specified in analysis script before module results; not externally registered	independent AP-severity context only; not an ARDS or same-patient microbe-host test
stage1_modules_20260929_v1	neutrophil_degranulation	MMP8	1	equal mean of signed within-gene z scores	ENSG00000118113	true	specified in analysis script before module results; not externally registered	independent AP-severity context only; not an ARDS or same-patient microbe-host test
stage1_modules_20260929_v1	neutrophil_degranulation	FCGR3B	1	equal mean of signed within-gene z scores	ENSG00000162747	true	specified in analysis script before module results; not externally registered	independent AP-severity context only; not an ARDS or same-patient microbe-host test
stage1_modules_20260929_v1	neutrophil_degranulation	CEACAM8	1	equal mean of signed within-gene z scores	ENSG00000124469	true	specified in analysis script before module results; not externally registered	independent AP-severity context only; not an ARDS or same-patient microbe-host test
stage1_modules_20260929_v1	neutrophil_degranulation	OLFM4	1	equal mean of signed within-gene z scores	ENSG00000102837	true	specified in analysis script before module results; not externally registered	independent AP-severity context only; not an ARDS or same-patient microbe-host test
stage1_modules_20260929_v1	innate_NFkB_inflammation	TLR2	1	equal mean of signed within-gene z scores	ENSG00000137462	true	specified in analysis script before module results; not externally registered	independent AP-severity context only; not an ARDS or same-patient microbe-host test
stage1_modules_20260929_v1	innate_NFkB_inflammation	TLR4	1	equal mean of signed within-gene z scores	ENSG00000136869	true	specified in analysis script before module results; not externally registered	independent AP-severity context only; not an ARDS or same-patient microbe-host test
stage1_modules_20260929_v1	innate_NFkB_inflammation	MYD88	1	equal mean of signed within-gene z scores	ENSG00000172936	true	specified in analysis script before module results; not externally registered	independent AP-severity context only; not an ARDS or same-patient microbe-host test
stage1_modules_20260929_v1	innate_NFkB_inflammation	NFKB1	1	equal mean of signed within-gene z scores	ENSG00000109320	true	specified in analysis script before module results; not externally registered	independent AP-severity context only; not an ARDS or same-patient microbe-host test
stage1_modules_20260929_v1	innate_NFkB_inflammation	RELA	1	equal mean of signed within-gene z scores	ENSG00000173039	true	specified in analysis script before module results; not externally registered	independent AP-severity context only; not an ARDS or same-patient microbe-host test
stage1_modules_20260929_v1	innate_NFkB_inflammation	IL1B	1	equal mean of signed within-gene z scores	ENSG00000125538	true	specified in analysis script before module results; not externally registered	independent AP-severity context only; not an ARDS or same-patient microbe-host test
stage1_modules_20260929_v1	innate_NFkB_inflammation	TNF	1	equal mean of signed within-gene z scores	ENSG00000232810	true	specified in analysis script before module results; not externally registered	independent AP-severity context only; not an ARDS or same-patient microbe-host test
stage1_modules_20260929_v1	innate_NFkB_inflammation	NLRP3	1	equal mean of signed within-gene z scores	ENSG00000162711	true	specified in analysis script before module results; not externally registered	independent AP-severity context only; not an ARDS or same-patient microbe-host test
stage1_modules_20260929_v1	innate_NFkB_inflammation	S100A8	1	equal mean of signed within-gene z scores	ENSG00000143546	true	specified in analysis script before module results; not externally registered	independent AP-severity context only; not an ARDS or same-patient microbe-host test
stage1_modules_20260929_v1	innate_NFkB_inflammation	S100A9	1	equal mean of signed within-gene z scores	ENSG00000163220	true	specified in analysis script before module results; not externally registered	independent AP-severity context only; not an ARDS or same-patient microbe-host test
stage1_modules_20260929_v1	innate_NFkB_inflammation	LILRB1	1	equal mean of signed within-gene z scores	ENSG00000104972	true	specified in analysis script before module results; not externally registered	independent AP-severity context only; not an ARDS or same-patient microbe-host test
stage1_modules_20260929_v1	innate_NFkB_inflammation	FCGR1A	1	equal mean of signed within-gene z scores	ENSG00000150337	true	specified in analysis script before module results; not externally registered	independent AP-severity context only; not an ARDS or same-patient microbe-host test
stage1_modules_20260929_v1	NETosis_oxidative_burst	PADI4	1	equal mean of signed within-gene z scores	ENSG00000159339	true	specified in analysis script before module results; not externally registered	independent AP-severity context only; not an ARDS or same-patient microbe-host test
stage1_modules_20260929_v1	NETosis_oxidative_burst	MPO	1	equal mean of signed within-gene z scores	ENSG00000005381	true	specified in analysis script before module results; not externally registered	independent AP-severity context only; not an ARDS or same-patient microbe-host test
stage1_modules_20260929_v1	NETosis_oxidative_burst	ELANE	1	equal mean of signed within-gene z scores	ENSG00000197561	true	specified in analysis script before module results; not externally registered	independent AP-severity context only; not an ARDS or same-patient microbe-host test
stage1_modules_20260929_v1	NETosis_oxidative_burst	PRTN3	1	equal mean of signed within-gene z scores	ENSG00000196415	true	specified in analysis script before module results; not externally registered	independent AP-severity context only; not an ARDS or same-patient microbe-host test
stage1_modules_20260929_v1	NETosis_oxidative_burst	CTSG	1	equal mean of signed within-gene z scores	ENSG00000100448	true	specified in analysis script before module results; not externally registered	independent AP-severity context only; not an ARDS or same-patient microbe-host test
stage1_modules_20260929_v1	NETosis_oxidative_burst	S100A8	1	equal mean of signed within-gene z scores	ENSG00000143546	true	specified in analysis script before module results; not externally registered	independent AP-severity context only; not an ARDS or same-patient microbe-host test
stage1_modules_20260929_v1	NETosis_oxidative_burst	S100A9	1	equal mean of signed within-gene z scores	ENSG00000163220	true	specified in analysis script before module results; not externally registered	independent AP-severity context only; not an ARDS or same-patient microbe-host test
stage1_modules_20260929_v1	NETosis_oxidative_burst	CYBB	1	equal mean of signed within-gene z scores	ENSG00000165168	true	specified in analysis script before module results; not externally registered	independent AP-severity context only; not an ARDS or same-patient microbe-host test
stage1_modules_20260929_v1	NETosis_oxidative_burst	NCF1	1	equal mean of signed within-gene z scores	ENSG00000158517	true	specified in analysis script before module results; not externally registered	independent AP-severity context only; not an ARDS or same-patient microbe-host test
stage1_modules_20260929_v1	NETosis_oxidative_burst	NCF2	1	equal mean of signed within-gene z scores	ENSG00000116701	true	specified in analysis script before module results; not externally registered	independent AP-severity context only; not an ARDS or same-patient microbe-host test
stage1_modules_20260929_v1	endothelial_barrier_injury	ANGPT2	1	equal mean of signed within-gene z scores	ENSG00000091879	false	specified in analysis script before module results; not externally registered	independent AP-severity context only; not an ARDS or same-patient microbe-host test
stage1_modules_20260929_v1	endothelial_barrier_injury	ICAM1	1	equal mean of signed within-gene z scores	ENSG00000090339	true	specified in analysis script before module results; not externally registered	independent AP-severity context only; not an ARDS or same-patient microbe-host test
stage1_modules_20260929_v1	endothelial_barrier_injury	VCAM1	1	equal mean of signed within-gene z scores	ENSG00000162692	true	specified in analysis script before module results; not externally registered	independent AP-severity context only; not an ARDS or same-patient microbe-host test
stage1_modules_20260929_v1	endothelial_barrier_injury	SELE	1	equal mean of signed within-gene z scores	ENSG00000007908	false	specified in analysis script before module results; not externally registered	independent AP-severity context only; not an ARDS or same-patient microbe-host test
stage1_modules_20260929_v1	endothelial_barrier_injury	VWF	1	equal mean of signed within-gene z scores	ENSG00000110799	true	specified in analysis script before module results; not externally registered	independent AP-severity context only; not an ARDS or same-patient microbe-host test
stage1_modules_20260929_v1	endothelial_barrier_injury	CLDN5	-1	equal mean of signed within-gene z scores	ENSG00000184113	true	specified in analysis script before module results; not externally registered	independent AP-severity context only; not an ARDS or same-patient microbe-host test
stage1_modules_20260929_v1	endothelial_barrier_injury	OCLN	-1	equal mean of signed within-gene z scores	ENSG00000197822	true	specified in analysis script before module results; not externally registered	independent AP-severity context only; not an ARDS or same-patient microbe-host test
stage1_modules_20260929_v1	endothelial_barrier_injury	TJP1	-1	equal mean of signed within-gene z scores	ENSG00000104067	false	specified in analysis script before module results; not externally registered	independent AP-severity context only; not an ARDS or same-patient microbe-host test
stage1_modules_20260929_v1	endothelial_barrier_injury	KDR	-1	equal mean of signed within-gene z scores	ENSG00000128052	false	specified in analysis script before module results; not externally registered	independent AP-severity context only; not an ARDS or same-patient microbe-host test
stage1_modules_20260929_v1	endothelial_barrier_injury	TEK	-1	equal mean of signed within-gene z scores	ENSG00000120156	true	specified in analysis script before module results; not externally registered	independent AP-severity context only; not an ARDS or same-patient microbe-host test
