patient_id	sample_id	ARDS	age	sex	bmi	genus_assigned_depth	signature_score_sd	technical_replicate_handling	missing_flag	analysis_population	clr_Borreliella	clr_Escherichia	clr_Staphylococcus	clr_Enterococcus	clr_Klebsiella
E1	SAMN31418866	1	64.0	male	27.55	7453	-0.7313920903401379	none among AP primary patients	false	primary_65_AP	-0.6816128420333264	6.35101141899468	-0.6816128420333264	2.1516005020228897	-0.6816128420333264
E10	SAMN31418880	1	42.0	female	22.26	23290	-0.04109165801449066	none among AP primary patients	false	primary_65_AP	-1.0120444023200006	6.352502611935641	1.1851801750162188	2.123449813609149	1.9323945768464397
E12	SAMN31418881	1	45.0	male	39.15	23636	1.3590472623214815	none among AP primary patients	false	primary_65_AP	-0.4320602122639687	6.091502093885543	-0.4320602122639687	10.218470674839631	3.4997654204603568
E14	SAMN31418872	1	39.0	male	25.58	28294	1.0044015280873984	none among AP primary patients	false	primary_65_AP	-0.6633438940803343	6.422557570285276	3.143318595689985	8.587850471904114	-0.6633438940803343
E16	SAMN31418912	0	59.0	female	27.78	20951	1.4081722705877269	none among AP primary patients	false	primary_65_AP	-0.600057729715986	8.21204137924135	2.23315561434023	5.231824747567531	4.16211620508177
E17	SAMN31418894	0	34.0	male	29.07	26081	0.7393762111263352	none among AP primary patients	false	primary_65_AP	-0.30547826046190113	3.737573007372649	1.6404318885934122	10.476785055185623	-0.30547826046190113
E18	SAMN31418878	1	63.0	male	28.45	30736	-0.25821045282712946	none among AP primary patients	false	primary_65_AP	-1.3522434688296436	6.48412629171548	1.8666323560385567	-1.3522434688296436	3.638189117949092
E2	SAMN31418910	0	38.0	male	25.01	21007	-1.320221218398403	none among AP primary patients	false	primary_65_AP	-0.820934580851986	6.223970536277384	-0.820934580851986	-0.820934580851986	-0.820934580851986
E20	SAMN31418913	0	40.0	male	28.21	29575	-1.011569407514452	none among AP primary patients	false	primary_65_AP	-1.1210192169839588	5.77162242418813	-1.1210192169839588	2.3754883444825214	-1.1210192169839588
E21	SAMN31418914	0	36.0	male	27.88	7740	-0.6710207214729802	none among AP primary patients	false	primary_65_AP	-0.5768228494969427	4.235361505875474	-0.5768228494969427	4.313526278724811	-0.5768228494969427
E23	SAMN31418895	0	71.0	female	24.02	27287	-1.0797425048749374	none among AP primary patients	false	primary_65_AP	-0.9422516686859868	8.145808068581363	-0.9422516686859868	-0.9422516686859868	-0.9422516686859868
E24	SAMN31418892	0	24.0	male	20.06	23684	1.6619608465090052	none among AP primary patients	false	primary_65_AP	-0.5191534641535708	9.554793905411323	-0.5191534641535708	8.750493013720018	3.4881797210789
E25	SAMN31418896	0	33.0	male	34.66	27205	0.6550031419880668	none among AP primary patients	false	primary_65_AP	-0.9990478390266027	8.016857908271824	0.9468623100287108	7.774181947005869	-0.9990478390266027
E26	SAMN31418888	1	38.0	male	24.77	24756	0.04848311955203807	none among AP primary patients	false	primary_65_AP	-0.942800840289642	8.728691601208958	-0.942800840289642	-0.942800840289642	5.21629454820229
E27	SAMN31418882	1	48.0	male	28.59	6414	-0.11985949532432667	none among AP primary patients	false	primary_65_AP	-0.4103457781067551	7.309672162325489	-0.4103457781067551	4.032305478383561	-0.4103457781067551
E28	SAMN31418915	0	57.0	female	24.25	22128	-0.7094706789133796	none among AP primary patients	false	primary_65_AP	-0.5911737156796633	4.8425482878745765	3.519700148493648	-0.5911737156796633	-0.5911737156796633
E29	SAMN31418897	0	29.0	male	27.41	19901	-0.3299168647910015	none among AP primary patients	false	primary_65_AP	-0.7528467556987626	8.923049870595875	-0.7528467556987626	2.1915922234676777	-0.7528467556987626
E30	SAMN31418916	0	73.0	female	23.45	23670	-1.0371875072556205	none among AP primary patients	false	primary_65_AP	-0.6456021987553601	7.213424780996178	-0.6456021987553601	-0.6456021987553601	-0.6456021987553601
E31	SAMN31418917	0	57.0	female	25.96	14777	-0.9788536952410851	none among AP primary patients	false	primary_65_AP	-0.6190940934805493	4.411343827911886	-0.6190940934805493	2.4254283442428735	-0.6190940934805493
E32	SAMN31418898	0	51.0	female	25.88	7094	-0.22106124726602086	none among AP primary patients	false	primary_65_AP	-0.5613345975306747	7.11699175897621	-0.5613345975306747	4.073394390698961	-0.5613345975306747
E33	SAMN31418918	0	22.0	female	23.15	18412	-1.0704509821053547	none among AP primary patients	false	primary_65_AP	-0.8894887609570179	7.990262037556107	-0.8894887609570179	-0.8894887609570179	-0.8894887609570179
E35	SAMN31418867	1	43.0	male	24.59	22670	1.1062064571005583	none among AP primary patients	false	primary_65_AP	-1.0785223915639912	9.352146301097694	4.163224623495651	6.0768739103327425	-1.0785223915639912
E36	SAMN31418919	0	62.0	male	25.91	23689	-1.2880007742273993	none among AP primary patients	false	primary_65_AP	-0.8302848893306702	6.4538499168645345	-0.8302848893306702	-0.8302848893306702	-0.8302848893306702
E37	SAMN31418873	1	46.0	male	22.78	22346	0.7803903300872072	none among AP primary patients	false	primary_65_AP	-0.7474521773941798	8.631364344553903	-0.7474521773941798	1.1984579716611337	7.1539251763984355
E38	SAMN31418883	1	49.0	male	28.34	13310	0.9954603029941521	none among AP primary patients	false	primary_65_AP	-0.6372633769173921	7.572589104383879	1.559961200418827	8.915602303393081	-0.6372633769173921
E40	SAMN31418920	0	38.0	female	23.41	18674	-0.6416827349381998	none among AP primary patients	false	primary_65_AP	-0.7847578524698707	6.997215381964514	-0.7847578524698707	2.3507363634592786	-0.7847578524698707
E41	SAMN31418868	1	47.0	male	26.24	22807	0.8843921399973905	none among AP primary patients	false	primary_65_AP	-0.32733001003304973	-0.32733001003304973	-0.32733001003304973	10.292557274873174	6.799560798865758
E42	SAMN31418921	0	50.0	female	27.94	18034	0.21278394286886584	none among AP primary patients	false	primary_65_AP	-0.6441711208261002	8.831222205541502	-0.6441711208261002	5.199373296205259	-0.6441711208261002
E43	SAMN31418922	0	72.0	male	27.81	22194	-0.1738404269789815	none among AP primary patients	false	primary_65_AP	-0.9510833536419483	7.796745254846794	-0.9510833536419483	4.844974397123424	-0.9510833536419483
E44	SAMN31418923	0	54.0	female	24.67	23043	-1.2002835610274054	none among AP primary patients	false	primary_65_AP	-0.8701305106482435	4.57228719987355	-0.8701305106482435	1.6948188468132932	-0.8701305106482435
E47	SAMN31418924	0	79.0	male	24.18	24707	-1.2696831626808345	none among AP primary patients	false	primary_65_AP	-0.9965663132706335	7.22840116564395	-0.9965663132706335	-0.9965663132706335	-0.9965663132706335
E48	SAMN31418899	0	29.0	female	23.79	23689	0.07041318548257183	none among AP primary patients	false	primary_65_AP	-0.7081049445979404	8.718716835818903	-0.7081049445979404	4.653187221111485	-0.7081049445979404
E49	SAMN31418925	0	30.0	male	28.9	23895	-1.291090801832735	none among AP primary patients	false	primary_65_AP	-1.2195575486222487	2.750734364929873	0.7263526004330646	2.07627931738208	-1.2195575486222487
E51	SAMN31418900	0	27.0	female	27.52	7109	0.8582945925729181	none among AP primary patients	false	primary_65_AP	-0.6002720840608728	8.025416703508663	-0.6002720840608728	5.722293155866411	3.407061101171598
E52	SAMN31418926	0	40.0	female	23.94	20823	-1.42071498638273	none among AP primary patients	false	primary_65_AP	-0.856832323440424	5.767232904359469	-0.856832323440424	-0.856832323440424	-0.856832323440424
E53	SAMN31418927	0	38.0	male	22.48	27796	-0.32344253776447174	none among AP primary patients	false	primary_65_AP	-0.7502766569993481	8.85136228316742	2.294245780724075	-0.7502766569993481	-0.7502766569993481
E54	SAMN31418869	1	37.0	female	27.08	21887	1.041600559274195	none among AP primary patients	false	primary_65_AP	-0.6704527864097691	7.795657614777152	-0.6704527864097691	5.381636382514647	5.212869602078509
E55	SAMN31418884	1	31.0	female	28.53	24238	0.004308233785914267	none among AP primary patients	false	primary_65_AP	-0.3272248256381816	2.070670447160189	-0.3272248256381816	9.763696195578078	-0.3272248256381816
E56	SAMN31418874	1	31.0	male	27.45	8021	0.12375362238229855	none among AP primary patients	false	primary_65_AP	-0.7025435398072866	7.700584695320979	-0.7025435398072866	5.973279681827561	-0.7025435398072866
E58	SAMN31418928	0	49.0	female	26.14	29152	0.9589284562647331	none among AP primary patients	false	primary_65_AP	-0.47952445678167155	5.107724201618578	4.31626608881507	8.090450920073536	-0.47952445678167155
E59	SAMN31418875	1	27.0	male	29.39	29881	-0.4228024360917716	none among AP primary patients	false	primary_65_AP	-1.1427009507855943	3.4920280374440416	-1.1427009507855943	8.237297804031146	-1.1427009507855943
E6	SAMN31418911	0	45.0	male	25.42	26538	-0.1416835316313617	none among AP primary patients	false	primary_65_AP	-0.7094518083493344	6.724805573783801	-0.7094518083493344	5.384117961695801	-0.7094518083493344
E60	SAMN31418885	1	49.0	female	23.61	35441	-1.8287089622640258	none among AP primary patients	false	primary_65_AP	-1.1725115131267185	1.2253837596716521	-1.1725115131267185	2.1947843168597556	-1.1725115131267185
E61	SAMN31418929	0	32.0	male	27.44	29792	0.7206268794361351	none among AP primary patients	false	primary_65_AP	-0.6646516162521299	7.747403257040802	1.5325729610840895	7.181155886385675	-0.6646516162521299
E63	SAMN31418889	1	78.0	female	21.05	7764	-1.1424279317343207	none among AP primary patients	false	primary_65_AP	-0.7289953949461825	6.918313437410055	-0.7289953949461825	-0.7289953949461825	-0.7289953949461825
E64	SAMN31418870	1	72.0	male	26.31	16455	1.3218018208381594	none among AP primary patients	false	primary_65_AP	-0.7222815420421161	8.03219476424205	-0.7222815420421161	8.13038338566175	4.005106276670225
E65	SAMN31418901	0	43.0	female	23.18	30824	-1.2078722927792345	none among AP primary patients	false	primary_65_AP	-1.1140090664180238	2.2532867635684504	3.0906835529729424	0.4954288460160765	-1.1140090664180238
E66	SAMN31418879	1	42.0	male	29.68	31969	0.1672158496338453	none among AP primary patients	false	primary_65_AP	-1.1523325212744004	5.670953601081286	4.298705932291299	4.160873457767386	-1.1523325212744004
E67	SAMN31418890	1	40.0	male	32.44	33752	0.19965399012622848	none among AP primary patients	false	primary_65_AP	-1.4203604141479103	5.813095004473529	-1.4203604141479103	3.7095383007751632	5.33773409027982
E69	SAMN31418902	0	65.0	female	23.14	8405	0.4453628866524083	none among AP primary patients	false	primary_65_AP	-0.35680805682852623	2.3512421442736837	2.6877143808948967	9.162119348279333	-0.35680805682852623
E7	SAMN31418893	0	43.0	female	31.25	30489	-0.13898405960912247	none among AP primary patients	false	primary_65_AP	-0.7472944532848171	4.440091352555938	0.8621434591492831	3.144525844825809	2.2972279844386057
E70	SAMN31418891	1	80.0	male	25.85	41493	2.660361204320151	none among AP primary patients	false	primary_65_AP	-0.8023307490920116	7.339441455564438	2.0308825949642046	9.699086299921875	8.452313548440696
E72	SAMN31418886	1	61.0	female	25.31	19315	1.3663303240464713	none among AP primary patients	false	primary_65_AP	-0.5659489117628693	8.638876279525203	-0.5659489117628693	7.653646542414211	3.8285002429095694
E73	SAMN31418903	0	43.0	female	30.86	19366	1.3936727878446669	none among AP primary patients	false	primary_65_AP	-0.36001642542138684	9.722913543157851	1.2494214870127134	8.900161181401968	-0.36001642542138684
E74	SAMN31418904	0	37.0	female	21.74	20040	-0.5903595782581199	none among AP primary patients	false	primary_65_AP	-0.7130297453607576	8.542952984494125	-0.7130297453607576	0.8964081670733427	-0.7130297453607576
E8	SAMN31418871	1	50.0	male	23.21	8051	0.9314291852533162	none among AP primary patients	false	primary_65_AP	-0.8134338299251723	6.866741810511417	4.014879907377129	7.136363386236679	-0.8134338299251723
Z23	SAMN31418887	1	41.0	female	27.41	53610	-0.4495194845064074	none among AP primary patients	false	primary_65_AP	-0.8323655803861989	3.4303142966551166	4.072909198052231	2.3031286355429508	-0.8323655803861989
Z24	SAMN31418930	0	32.0	male	32.22	47919	-1.3728473133412538	none among AP primary patients	false	primary_65_AP	-0.9462126471385779	6.4107055952174425	-0.9462126471385779	-0.9462126471385779	-0.9462126471385779
Z26	SAMN31418876	1	61.0	female	22.22	34494	-1.27695305421686	none among AP primary patients	false	primary_65_AP	-1.0046081233032216	7.217139605043402	-1.0046081233032216	-1.0046081233032216	-1.0046081233032216
Z29	SAMN31418905	0	37.0	male	35.51	49481	-0.30502627076613303	none among AP primary patients	false	primary_65_AP	-0.45686524026089176	1.4890449087944215	-0.45686524026089176	8.886343804789714	-0.45686524026089176
Z31	SAMN31418877	1	42.0	female	20.45	40572	1.5541306381423856	none among AP primary patients	false	primary_65_AP	-0.9366519655025038	8.85103184128998	-0.9366519655025038	9.378580933098938	3.7546959167266394
Z36	SAMN31418906	0	59.0	female	23.87	31085	1.5050959016377201	none among AP primary patients	false	primary_65_AP	-0.8977031900759026	7.691438500652919	-0.8977031900759026	8.887507454869171	5.034541997372108
Z41	SAMN31418907	0	26.0	female	25.0	34443	0.42574102540342823	none among AP primary patients	false	primary_65_AP	-0.29115242916421696	3.422419637540091	-0.29115242916421696	10.821280543724367	-0.29115242916421696
Z43	SAMN31418908	0	40.0	male	30.0	37185	-1.1191810641251883	none among AP primary patients	false	primary_65_AP	-0.9482098273616975	2.943610470748929	-0.9482098273616975	4.042222759417038	-0.9482098273616975
Z44	SAMN31418909	0	28.0	female	18.36	31463	0.5807547931781064	none among AP primary patients	false	primary_65_AP	-0.21679273607055344	4.12701268578313	-0.21679273607055344	10.81962801331158	-0.21679273607055344
