sample_id	genus_assigned_depth	blind_depth_qc_pass
SAMN31418866	7453	true
SAMN31418867	22670	true
SAMN31418868	22807	true
SAMN31418869	21887	true
SAMN31418870	16455	true
SAMN31418871	8051	true
SAMN31418872	28294	true
SAMN31418873	22346	true
SAMN31418874	8021	true
SAMN31418875	29881	true
SAMN31418876	34494	true
SAMN31418877	40572	true
SAMN31418878	30736	true
SAMN31418879	31969	true
SAMN31418880	23290	true
SAMN31418881	23636	true
SAMN31418882	6414	true
SAMN31418883	13310	true
SAMN31418884	24238	true
SAMN31418885	35441	true
SAMN31418886	19315	true
SAMN31418887	53610	true
SAMN31418888	24756	true
SAMN31418889	7764	true
SAMN31418890	33752	true
SAMN31418891	41493	true
SAMN31418892	23684	true
SAMN31418893	30489	true
SAMN31418894	26081	true
SAMN31418895	27287	true
SAMN31418896	27205	true
SAMN31418897	19901	true
SAMN31418898	7094	true
SAMN31418899	23689	true
SAMN31418900	7109	true
SAMN31418901	30824	true
SAMN31418902	8405	true
SAMN31418903	19366	true
SAMN31418904	20040	true
SAMN31418905	49481	true
SAMN31418906	31085	true
SAMN31418907	34443	true
SAMN31418908	37185	true
SAMN31418909	31463	true
SAMN31418910	21007	true
SAMN31418911	26538	true
SAMN31418912	20951	true
SAMN31418913	29575	true
SAMN31418914	7740	true
SAMN31418915	22128	true
SAMN31418916	23670	true
SAMN31418917	14777	true
SAMN31418918	18412	true
SAMN31418919	23689	true
SAMN31418920	18674	true
SAMN31418921	18034	true
SAMN31418922	22194	true
SAMN31418923	23043	true
SAMN31418924	24707	true
SAMN31418925	23895	true
SAMN31418926	20823	true
SAMN31418927	27796	true
SAMN31418928	29152	true
SAMN31418929	29792	true
SAMN31418930	47919	true
SAMN31418931	8479	true
SAMN31418932	18902	true
SAMN31418933	26490	true
SAMN31418934	21436	true
SAMN31418935	24838	true
SAMN31418936	8585	true
SAMN31418937	24976	true
SAMN31418938	22037	true
SAMN31418939	23066	true
SAMN31418940	26407	true
SAMN31418941	28994	true
SAMN31418942	19219	true
SAMN31418943	7915	true
SAMN31418944	17817	true
SAMN31418945	22243	true
SAMN31418947	47159	true
SAMN31418948	30504	true
SAMN31418949	6702	true
SAMN31418950	15211	true
