subject_id	sample_id	reason	decision_blinded
J1	SAMN31418931	healthy_control_not_primary	true
J2	SAMN31418932	healthy_control_not_primary	true
J3	SAMN31418933	healthy_control_not_primary	true
J4	SAMN31418934	healthy_control_not_primary	true
J5	SAMN31418935	healthy_control_not_primary	true
J6	SAMN31418936	healthy_control_not_primary	true
J7	SAMN31418937	healthy_control_not_primary	true
J8	SAMN31418938	healthy_control_not_primary	true
J9	SAMN31418939	healthy_control_not_primary	true
J10	SAMN31418940	healthy_control_not_primary	true
J11	SAMN31418941	healthy_control_not_primary	true
J12	SAMN31418942	healthy_control_not_primary	true
J13	SAMN31418943	healthy_control_not_primary	true
J14	SAMN31418944	healthy_control_not_primary	true
J15	SAMN31418945	healthy_control_not_primary	true
J17	SAMN31418947	healthy_control_not_primary	true
J18	SAMN31418948	healthy_control_not_primary	true
J19	SAMN31418949	healthy_control_not_primary	true
J20	SAMN31418950	healthy_control_not_primary	true
