dataset_id	subject_id	patient_id_original	sample_id	biosample	run_accession	library_id	specimen	collection_time_original	time_from_admission	time_from_symptom_onset	ARDS_label_original	ARDS_definition	ARDS_assessment_window	technical_replicate_group	biological_replicate	sequencing_platform	amplicon_region_assay	batch	read_layout	age	sex	bmi	etiology	severity	antibiotic_exposure	ICU_status	include_primary	exclusion_reason	mapping_confidence
PRJNA893348	E1	E1	SAMN31418866	SAMN31418866	SRR22016205	SAMN31418866	rectal swab	within 24 h of AP onset (cohort-level report)	NA	<=24h_cohort_level	1	source-publication ARDS classification	subsequent ARDS; individual interval unavailable		False	Illumina MiSeq	16S amplicon, long single-end processed at 350-500 nt	single_public_cohort	single_end_combined_by_biosample	64	male	27.55	NA	3	NA	NA	true		direct_public_label
PRJNA893348	E35	E35	SAMN31418867	SAMN31418867	SRR22016204	SAMN31418867	rectal swab	within 24 h of AP onset (cohort-level report)	NA	<=24h_cohort_level	1	source-publication ARDS classification	subsequent ARDS; individual interval unavailable		False	Illumina MiSeq	16S amplicon, long single-end processed at 350-500 nt	single_public_cohort	single_end_combined_by_biosample	43	male	24.59	NA	3	NA	NA	true		direct_public_label
PRJNA893348	E41	E41	SAMN31418868	SAMN31418868	SRR22016193	SAMN31418868	rectal swab	within 24 h of AP onset (cohort-level report)	NA	<=24h_cohort_level	1	source-publication ARDS classification	subsequent ARDS; individual interval unavailable		False	Illumina MiSeq	16S amplicon, long single-end processed at 350-500 nt	single_public_cohort	single_end_combined_by_biosample	47	male	26.24	NA	3	NA	NA	true		direct_public_label
PRJNA893348	E54	E54	SAMN31418869	SAMN31418869	SRR22016182	SAMN31418869	rectal swab	within 24 h of AP onset (cohort-level report)	NA	<=24h_cohort_level	1	source-publication ARDS classification	subsequent ARDS; individual interval unavailable		False	Illumina MiSeq	16S amplicon, long single-end processed at 350-500 nt	single_public_cohort	single_end_combined_by_biosample	37	female	27.08	NA	3	NA	NA	true		direct_public_label
PRJNA893348	E64	E64	SAMN31418870	SAMN31418870	SRR22016171	SAMN31418870	rectal swab	within 24 h of AP onset (cohort-level report)	NA	<=24h_cohort_level	1	source-publication ARDS classification	subsequent ARDS; individual interval unavailable		False	Illumina MiSeq	16S amplicon, long single-end processed at 350-500 nt	single_public_cohort	single_end_combined_by_biosample	72	male	26.31	NA	3	NA	NA	true		direct_public_label
PRJNA893348	E8	E8	SAMN31418871	SAMN31418871	SRR22016160	SAMN31418871	rectal swab	within 24 h of AP onset (cohort-level report)	NA	<=24h_cohort_level	1	source-publication ARDS classification	subsequent ARDS; individual interval unavailable		False	Illumina MiSeq	16S amplicon, long single-end processed at 350-500 nt	single_public_cohort	single_end_combined_by_biosample	50	male	23.21	NA	2	NA	NA	true		direct_public_label
PRJNA893348	E14	E14	SAMN31418872	SAMN31418872	SRR22016149	SAMN31418872	rectal swab	within 24 h of AP onset (cohort-level report)	NA	<=24h_cohort_level	1	source-publication ARDS classification	subsequent ARDS; individual interval unavailable		False	Illumina MiSeq	16S amplicon, long single-end processed at 350-500 nt	single_public_cohort	single_end_combined_by_biosample	39	male	25.58	NA	2	NA	NA	true		direct_public_label
PRJNA893348	E37	E37	SAMN31418873	SAMN31418873	SRR22016138	SAMN31418873	rectal swab	within 24 h of AP onset (cohort-level report)	NA	<=24h_cohort_level	1	source-publication ARDS classification	subsequent ARDS; individual interval unavailable		False	Illumina MiSeq	16S amplicon, long single-end processed at 350-500 nt	single_public_cohort	single_end_combined_by_biosample	46	male	22.78	NA	2	NA	NA	true		direct_public_label
PRJNA893348	E56	E56	SAMN31418874	SAMN31418874	SRR22016127	SAMN31418874	rectal swab	within 24 h of AP onset (cohort-level report)	NA	<=24h_cohort_level	1	source-publication ARDS classification	subsequent ARDS; individual interval unavailable		False	Illumina MiSeq	16S amplicon, long single-end processed at 350-500 nt	single_public_cohort	single_end_combined_by_biosample	31	male	27.45	NA	2	NA	NA	true		direct_public_label
PRJNA893348	E59	E59	SAMN31418875	SAMN31418875	SRR22016121	SAMN31418875	rectal swab	within 24 h of AP onset (cohort-level report)	NA	<=24h_cohort_level	1	source-publication ARDS classification	subsequent ARDS; individual interval unavailable		False	Illumina MiSeq	16S amplicon, long single-end processed at 350-500 nt	single_public_cohort	single_end_combined_by_biosample	27	male	29.39	NA	2	NA	NA	true		direct_public_label
PRJNA893348	Z26	Z26	SAMN31418876	SAMN31418876	SRR22016203	SAMN31418876	rectal swab	within 24 h of AP onset (cohort-level report)	NA	<=24h_cohort_level	1	source-publication ARDS classification	subsequent ARDS; individual interval unavailable		False	Illumina MiSeq	16S amplicon, long single-end processed at 350-500 nt	single_public_cohort	single_end_combined_by_biosample	61	female	22.22	NA	2	NA	NA	true		direct_public_label
PRJNA893348	Z31	Z31	SAMN31418877	SAMN31418877	SRR22016202	SAMN31418877	rectal swab	within 24 h of AP onset (cohort-level report)	NA	<=24h_cohort_level	1	source-publication ARDS classification	subsequent ARDS; individual interval unavailable		False	Illumina MiSeq	16S amplicon, long single-end processed at 350-500 nt	single_public_cohort	single_end_combined_by_biosample	42	female	20.45	NA	2	NA	NA	true		direct_public_label
PRJNA893348	E18	E18	SAMN31418878	SAMN31418878	SRR22016201	SAMN31418878	rectal swab	within 24 h of AP onset (cohort-level report)	NA	<=24h_cohort_level	1	source-publication ARDS classification	subsequent ARDS; individual interval unavailable		False	Illumina MiSeq	16S amplicon, long single-end processed at 350-500 nt	single_public_cohort	single_end_combined_by_biosample	63	male	28.45	NA	2	NA	NA	true		direct_public_label
PRJNA893348	E66	E66	SAMN31418879	SAMN31418879	SRR22016200	SAMN31418879	rectal swab	within 24 h of AP onset (cohort-level report)	NA	<=24h_cohort_level	1	source-publication ARDS classification	subsequent ARDS; individual interval unavailable		False	Illumina MiSeq	16S amplicon, long single-end processed at 350-500 nt	single_public_cohort	single_end_combined_by_biosample	42	male	29.68	NA	2	NA	NA	true		direct_public_label
PRJNA893348	E10	E10	SAMN31418880	SAMN31418880	SRR22016199	SAMN31418880	rectal swab	within 24 h of AP onset (cohort-level report)	NA	<=24h_cohort_level	1	source-publication ARDS classification	subsequent ARDS; individual interval unavailable		False	Illumina MiSeq	16S amplicon, long single-end processed at 350-500 nt	single_public_cohort	single_end_combined_by_biosample	42	female	22.26	NA	1	NA	NA	true		direct_public_label
PRJNA893348	E12	E12	SAMN31418881	SAMN31418881	SRR22016198	SAMN31418881	rectal swab	within 24 h of AP onset (cohort-level report)	NA	<=24h_cohort_level	1	source-publication ARDS classification	subsequent ARDS; individual interval unavailable		False	Illumina MiSeq	16S amplicon, long single-end processed at 350-500 nt	single_public_cohort	single_end_combined_by_biosample	45	male	39.15	NA	1	NA	NA	true		direct_public_label
PRJNA893348	E27	E27	SAMN31418882	SAMN31418882	SRR22016197	SAMN31418882	rectal swab	within 24 h of AP onset (cohort-level report)	NA	<=24h_cohort_level	1	source-publication ARDS classification	subsequent ARDS; individual interval unavailable		False	Illumina MiSeq	16S amplicon, long single-end processed at 350-500 nt	single_public_cohort	single_end_combined_by_biosample	48	male	28.59	NA	1	NA	NA	true		direct_public_label
PRJNA893348	E38	E38	SAMN31418883	SAMN31418883	SRR22016196	SAMN31418883	rectal swab	within 24 h of AP onset (cohort-level report)	NA	<=24h_cohort_level	1	source-publication ARDS classification	subsequent ARDS; individual interval unavailable		False	Illumina MiSeq	16S amplicon, long single-end processed at 350-500 nt	single_public_cohort	single_end_combined_by_biosample	49	male	28.34	NA	1	NA	NA	true		direct_public_label
PRJNA893348	E55	E55	SAMN31418884	SAMN31418884	SRR22016195	SAMN31418884	rectal swab	within 24 h of AP onset (cohort-level report)	NA	<=24h_cohort_level	1	source-publication ARDS classification	subsequent ARDS; individual interval unavailable		False	Illumina MiSeq	16S amplicon, long single-end processed at 350-500 nt	single_public_cohort	single_end_combined_by_biosample	31	female	28.53	NA	1	NA	NA	true		direct_public_label
PRJNA893348	E60	E60	SAMN31418885	SAMN31418885	SRR22016194	SAMN31418885	rectal swab	within 24 h of AP onset (cohort-level report)	NA	<=24h_cohort_level	1	source-publication ARDS classification	subsequent ARDS; individual interval unavailable		False	Illumina MiSeq	16S amplicon, long single-end processed at 350-500 nt	single_public_cohort	single_end_combined_by_biosample	49	female	23.61	NA	1	NA	NA	true		direct_public_label
PRJNA893348	E72	E72	SAMN31418886	SAMN31418886	SRR22016192	SAMN31418886	rectal swab	within 24 h of AP onset (cohort-level report)	NA	<=24h_cohort_level	1	source-publication ARDS classification	subsequent ARDS; individual interval unavailable		False	Illumina MiSeq	16S amplicon, long single-end processed at 350-500 nt	single_public_cohort	single_end_combined_by_biosample	61	female	25.31	NA	1	NA	NA	true		direct_public_label
PRJNA893348	Z23	Z23	SAMN31418887	SAMN31418887	SRR22016191	SAMN31418887	rectal swab	within 24 h of AP onset (cohort-level report)	NA	<=24h_cohort_level	1	source-publication ARDS classification	subsequent ARDS; individual interval unavailable		False	Illumina MiSeq	16S amplicon, long single-end processed at 350-500 nt	single_public_cohort	single_end_combined_by_biosample	41	female	27.41	NA	1	NA	NA	true		direct_public_label
PRJNA893348	E26	E26	SAMN31418888	SAMN31418888	SRR22016190	SAMN31418888	rectal swab	within 24 h of AP onset (cohort-level report)	NA	<=24h_cohort_level	1	source-publication ARDS classification	subsequent ARDS; individual interval unavailable		False	Illumina MiSeq	16S amplicon, long single-end processed at 350-500 nt	single_public_cohort	single_end_combined_by_biosample	38	male	24.77	NA	1	NA	NA	true		direct_public_label
PRJNA893348	E63	E63	SAMN31418889	SAMN31418889	SRR22016189	SAMN31418889	rectal swab	within 24 h of AP onset (cohort-level report)	NA	<=24h_cohort_level	1	source-publication ARDS classification	subsequent ARDS; individual interval unavailable		False	Illumina MiSeq	16S amplicon, long single-end processed at 350-500 nt	single_public_cohort	single_end_combined_by_biosample	78	female	21.05	NA	1	NA	NA	true		direct_public_label
PRJNA893348	E67	E67	SAMN31418890	SAMN31418890	SRR22016188	SAMN31418890	rectal swab	within 24 h of AP onset (cohort-level report)	NA	<=24h_cohort_level	1	source-publication ARDS classification	subsequent ARDS; individual interval unavailable		False	Illumina MiSeq	16S amplicon, long single-end processed at 350-500 nt	single_public_cohort	single_end_combined_by_biosample	40	male	32.44	NA	1	NA	NA	true		direct_public_label
PRJNA893348	E70	E70	SAMN31418891	SAMN31418891	SRR22016187	SAMN31418891	rectal swab	within 24 h of AP onset (cohort-level report)	NA	<=24h_cohort_level	1	source-publication ARDS classification	subsequent ARDS; individual interval unavailable		False	Illumina MiSeq	16S amplicon, long single-end processed at 350-500 nt	single_public_cohort	single_end_combined_by_biosample	80	male	25.85	NA	1	NA	NA	true		direct_public_label
PRJNA893348	E24	E24	SAMN31418892	SAMN31418892	SRR22016186	SAMN31418892	rectal swab	within 24 h of AP onset (cohort-level report)	NA	<=24h_cohort_level	0	source-publication ARDS classification	subsequent ARDS; individual interval unavailable		False	Illumina MiSeq	16S amplicon, long single-end processed at 350-500 nt	single_public_cohort	single_end_combined_by_biosample	24	male	20.06	NA	0	NA	NA	true		direct_public_label
PRJNA893348	E7	E7	SAMN31418893	SAMN31418893	SRR22016185	SAMN31418893	rectal swab	within 24 h of AP onset (cohort-level report)	NA	<=24h_cohort_level	0	source-publication ARDS classification	subsequent ARDS; individual interval unavailable		False	Illumina MiSeq	16S amplicon, long single-end processed at 350-500 nt	single_public_cohort	single_end_combined_by_biosample	43	female	31.25	NA	0	NA	NA	true		direct_public_label
PRJNA893348	E17	E17	SAMN31418894	SAMN31418894	SRR22016184	SAMN31418894	rectal swab	within 24 h of AP onset (cohort-level report)	NA	<=24h_cohort_level	0	source-publication ARDS classification	subsequent ARDS; individual interval unavailable		False	Illumina MiSeq	16S amplicon, long single-end processed at 350-500 nt	single_public_cohort	single_end_combined_by_biosample	34	male	29.07	NA	0	NA	NA	true		direct_public_label
PRJNA893348	E23	E23	SAMN31418895	SAMN31418895	SRR22016183	SAMN31418895	rectal swab	within 24 h of AP onset (cohort-level report)	NA	<=24h_cohort_level	0	source-publication ARDS classification	subsequent ARDS; individual interval unavailable		False	Illumina MiSeq	16S amplicon, long single-end processed at 350-500 nt	single_public_cohort	single_end_combined_by_biosample	71	female	24.02	NA	0	NA	NA	true		direct_public_label
PRJNA893348	E25	E25	SAMN31418896	SAMN31418896	SRR22016181	SAMN31418896	rectal swab	within 24 h of AP onset (cohort-level report)	NA	<=24h_cohort_level	0	source-publication ARDS classification	subsequent ARDS; individual interval unavailable		False	Illumina MiSeq	16S amplicon, long single-end processed at 350-500 nt	single_public_cohort	single_end_combined_by_biosample	33	male	34.66	NA	0	NA	NA	true		direct_public_label
PRJNA893348	E29	E29	SAMN31418897	SAMN31418897	SRR22016180	SAMN31418897	rectal swab	within 24 h of AP onset (cohort-level report)	NA	<=24h_cohort_level	0	source-publication ARDS classification	subsequent ARDS; individual interval unavailable		False	Illumina MiSeq	16S amplicon, long single-end processed at 350-500 nt	single_public_cohort	single_end_combined_by_biosample	29	male	27.41	NA	0	NA	NA	true		direct_public_label
PRJNA893348	E32	E32	SAMN31418898	SAMN31418898	SRR22016179	SAMN31418898	rectal swab	within 24 h of AP onset (cohort-level report)	NA	<=24h_cohort_level	0	source-publication ARDS classification	subsequent ARDS; individual interval unavailable		False	Illumina MiSeq	16S amplicon, long single-end processed at 350-500 nt	single_public_cohort	single_end_combined_by_biosample	51	female	25.88	NA	0	NA	NA	true		direct_public_label
PRJNA893348	E48	E48	SAMN31418899	SAMN31418899	SRR22016178	SAMN31418899	rectal swab	within 24 h of AP onset (cohort-level report)	NA	<=24h_cohort_level	0	source-publication ARDS classification	subsequent ARDS; individual interval unavailable		False	Illumina MiSeq	16S amplicon, long single-end processed at 350-500 nt	single_public_cohort	single_end_combined_by_biosample	29	female	23.79	NA	0	NA	NA	true		direct_public_label
PRJNA893348	E51	E51	SAMN31418900	SAMN31418900	SRR22016177	SAMN31418900	rectal swab	within 24 h of AP onset (cohort-level report)	NA	<=24h_cohort_level	0	source-publication ARDS classification	subsequent ARDS; individual interval unavailable		False	Illumina MiSeq	16S amplicon, long single-end processed at 350-500 nt	single_public_cohort	single_end_combined_by_biosample	27	female	27.52	NA	0	NA	NA	true		direct_public_label
PRJNA893348	E65	E65	SAMN31418901	SAMN31418901	SRR22016176	SAMN31418901	rectal swab	within 24 h of AP onset (cohort-level report)	NA	<=24h_cohort_level	0	source-publication ARDS classification	subsequent ARDS; individual interval unavailable		False	Illumina MiSeq	16S amplicon, long single-end processed at 350-500 nt	single_public_cohort	single_end_combined_by_biosample	43	female	23.18	NA	0	NA	NA	true		direct_public_label
PRJNA893348	E69	E69	SAMN31418902	SAMN31418902	SRR22016175	SAMN31418902	rectal swab	within 24 h of AP onset (cohort-level report)	NA	<=24h_cohort_level	0	source-publication ARDS classification	subsequent ARDS; individual interval unavailable		False	Illumina MiSeq	16S amplicon, long single-end processed at 350-500 nt	single_public_cohort	single_end_combined_by_biosample	65	female	23.14	NA	0	NA	NA	true		direct_public_label
PRJNA893348	E73	E73	SAMN31418903	SAMN31418903	SRR22016174	SAMN31418903	rectal swab	within 24 h of AP onset (cohort-level report)	NA	<=24h_cohort_level	0	source-publication ARDS classification	subsequent ARDS; individual interval unavailable		False	Illumina MiSeq	16S amplicon, long single-end processed at 350-500 nt	single_public_cohort	single_end_combined_by_biosample	43	female	30.86	NA	0	NA	NA	true		direct_public_label
PRJNA893348	E74	E74	SAMN31418904	SAMN31418904	SRR22016173	SAMN31418904	rectal swab	within 24 h of AP onset (cohort-level report)	NA	<=24h_cohort_level	0	source-publication ARDS classification	subsequent ARDS; individual interval unavailable		False	Illumina MiSeq	16S amplicon, long single-end processed at 350-500 nt	single_public_cohort	single_end_combined_by_biosample	37	female	21.74	NA	0	NA	NA	true		direct_public_label
PRJNA893348	Z29	Z29	SAMN31418905	SAMN31418905	SRR22016172	SAMN31418905	rectal swab	within 24 h of AP onset (cohort-level report)	NA	<=24h_cohort_level	0	source-publication ARDS classification	subsequent ARDS; individual interval unavailable		False	Illumina MiSeq	16S amplicon, long single-end processed at 350-500 nt	single_public_cohort	single_end_combined_by_biosample	37	male	35.51	NA	0	NA	NA	true		direct_public_label
PRJNA893348	Z36	Z36	SAMN31418906	SAMN31418906	SRR22016170	SAMN31418906	rectal swab	within 24 h of AP onset (cohort-level report)	NA	<=24h_cohort_level	0	source-publication ARDS classification	subsequent ARDS; individual interval unavailable		False	Illumina MiSeq	16S amplicon, long single-end processed at 350-500 nt	single_public_cohort	single_end_combined_by_biosample	59	female	23.87	NA	0	NA	NA	true		direct_public_label
PRJNA893348	Z41	Z41	SAMN31418907	SAMN31418907	SRR22016169	SAMN31418907	rectal swab	within 24 h of AP onset (cohort-level report)	NA	<=24h_cohort_level	0	source-publication ARDS classification	subsequent ARDS; individual interval unavailable		False	Illumina MiSeq	16S amplicon, long single-end processed at 350-500 nt	single_public_cohort	single_end_combined_by_biosample	26	female	25	NA	0	NA	NA	true		direct_public_label
PRJNA893348	Z43	Z43	SAMN31418908	SAMN31418908	SRR22016168	SAMN31418908	rectal swab	within 24 h of AP onset (cohort-level report)	NA	<=24h_cohort_level	0	source-publication ARDS classification	subsequent ARDS; individual interval unavailable		False	Illumina MiSeq	16S amplicon, long single-end processed at 350-500 nt	single_public_cohort	single_end_combined_by_biosample	40	male	30	NA	0	NA	NA	true		direct_public_label
PRJNA893348	Z44	Z44	SAMN31418909	SAMN31418909	SRR22016167	SAMN31418909	rectal swab	within 24 h of AP onset (cohort-level report)	NA	<=24h_cohort_level	0	source-publication ARDS classification	subsequent ARDS; individual interval unavailable		False	Illumina MiSeq	16S amplicon, long single-end processed at 350-500 nt	single_public_cohort	single_end_combined_by_biosample	28	female	18.36	NA	0	NA	NA	true		direct_public_label
PRJNA893348	E2	E2	SAMN31418910	SAMN31418910	SRR22016166	SAMN31418910	rectal swab	within 24 h of AP onset (cohort-level report)	NA	<=24h_cohort_level	0	source-publication ARDS classification	subsequent ARDS; individual interval unavailable		False	Illumina MiSeq	16S amplicon, long single-end processed at 350-500 nt	single_public_cohort	single_end_combined_by_biosample	38	male	25.01	NA	0	NA	NA	true		direct_public_label
PRJNA893348	E6	E6	SAMN31418911	SAMN31418911	SRR22016165	SAMN31418911	rectal swab	within 24 h of AP onset (cohort-level report)	NA	<=24h_cohort_level	0	source-publication ARDS classification	subsequent ARDS; individual interval unavailable		False	Illumina MiSeq	16S amplicon, long single-end processed at 350-500 nt	single_public_cohort	single_end_combined_by_biosample	45	male	25.42	NA	0	NA	NA	true		direct_public_label
PRJNA893348	E16	E16	SAMN31418912	SAMN31418912	SRR22016164	SAMN31418912	rectal swab	within 24 h of AP onset (cohort-level report)	NA	<=24h_cohort_level	0	source-publication ARDS classification	subsequent ARDS; individual interval unavailable		False	Illumina MiSeq	16S amplicon, long single-end processed at 350-500 nt	single_public_cohort	single_end_combined_by_biosample	59	female	27.78	NA	0	NA	NA	true		direct_public_label
PRJNA893348	E20	E20	SAMN31418913	SAMN31418913	SRR22016163	SAMN31418913	rectal swab	within 24 h of AP onset (cohort-level report)	NA	<=24h_cohort_level	0	source-publication ARDS classification	subsequent ARDS; individual interval unavailable		False	Illumina MiSeq	16S amplicon, long single-end processed at 350-500 nt	single_public_cohort	single_end_combined_by_biosample	40	male	28.21	NA	0	NA	NA	true		direct_public_label
PRJNA893348	E21	E21	SAMN31418914	SAMN31418914	SRR22016162	SAMN31418914	rectal swab	within 24 h of AP onset (cohort-level report)	NA	<=24h_cohort_level	0	source-publication ARDS classification	subsequent ARDS; individual interval unavailable		False	Illumina MiSeq	16S amplicon, long single-end processed at 350-500 nt	single_public_cohort	single_end_combined_by_biosample	36	male	27.88	NA	0	NA	NA	true		direct_public_label
PRJNA893348	E28	E28	SAMN31418915	SAMN31418915	SRR22016161	SAMN31418915	rectal swab	within 24 h of AP onset (cohort-level report)	NA	<=24h_cohort_level	0	source-publication ARDS classification	subsequent ARDS; individual interval unavailable		False	Illumina MiSeq	16S amplicon, long single-end processed at 350-500 nt	single_public_cohort	single_end_combined_by_biosample	57	female	24.25	NA	0	NA	NA	true		direct_public_label
PRJNA893348	E30	E30	SAMN31418916	SAMN31418916	SRR22016159	SAMN31418916	rectal swab	within 24 h of AP onset (cohort-level report)	NA	<=24h_cohort_level	0	source-publication ARDS classification	subsequent ARDS; individual interval unavailable		False	Illumina MiSeq	16S amplicon, long single-end processed at 350-500 nt	single_public_cohort	single_end_combined_by_biosample	73	female	23.45	NA	0	NA	NA	true		direct_public_label
PRJNA893348	E31	E31	SAMN31418917	SAMN31418917	SRR22016158	SAMN31418917	rectal swab	within 24 h of AP onset (cohort-level report)	NA	<=24h_cohort_level	0	source-publication ARDS classification	subsequent ARDS; individual interval unavailable		False	Illumina MiSeq	16S amplicon, long single-end processed at 350-500 nt	single_public_cohort	single_end_combined_by_biosample	57	female	25.96	NA	0	NA	NA	true		direct_public_label
PRJNA893348	E33	E33	SAMN31418918	SAMN31418918	SRR22016157	SAMN31418918	rectal swab	within 24 h of AP onset (cohort-level report)	NA	<=24h_cohort_level	0	source-publication ARDS classification	subsequent ARDS; individual interval unavailable		False	Illumina MiSeq	16S amplicon, long single-end processed at 350-500 nt	single_public_cohort	single_end_combined_by_biosample	22	female	23.15	NA	0	NA	NA	true		direct_public_label
PRJNA893348	E36	E36	SAMN31418919	SAMN31418919	SRR22016156	SAMN31418919	rectal swab	within 24 h of AP onset (cohort-level report)	NA	<=24h_cohort_level	0	source-publication ARDS classification	subsequent ARDS; individual interval unavailable		False	Illumina MiSeq	16S amplicon, long single-end processed at 350-500 nt	single_public_cohort	single_end_combined_by_biosample	62	male	25.91	NA	0	NA	NA	true		direct_public_label
PRJNA893348	E40	E40	SAMN31418920	SAMN31418920	SRR22016155	SAMN31418920	rectal swab	within 24 h of AP onset (cohort-level report)	NA	<=24h_cohort_level	0	source-publication ARDS classification	subsequent ARDS; individual interval unavailable		False	Illumina MiSeq	16S amplicon, long single-end processed at 350-500 nt	single_public_cohort	single_end_combined_by_biosample	38	female	23.41	NA	0	NA	NA	true		direct_public_label
PRJNA893348	E42	E42	SAMN31418921	SAMN31418921	SRR22016154	SAMN31418921	rectal swab	within 24 h of AP onset (cohort-level report)	NA	<=24h_cohort_level	0	source-publication ARDS classification	subsequent ARDS; individual interval unavailable		False	Illumina MiSeq	16S amplicon, long single-end processed at 350-500 nt	single_public_cohort	single_end_combined_by_biosample	50	female	27.94	NA	0	NA	NA	true		direct_public_label
PRJNA893348	E43	E43	SAMN31418922	SAMN31418922	SRR22016153	SAMN31418922	rectal swab	within 24 h of AP onset (cohort-level report)	NA	<=24h_cohort_level	0	source-publication ARDS classification	subsequent ARDS; individual interval unavailable		False	Illumina MiSeq	16S amplicon, long single-end processed at 350-500 nt	single_public_cohort	single_end_combined_by_biosample	72	male	27.81	NA	0	NA	NA	true		direct_public_label
PRJNA893348	E44	E44	SAMN31418923	SAMN31418923	SRR22016152	SAMN31418923	rectal swab	within 24 h of AP onset (cohort-level report)	NA	<=24h_cohort_level	0	source-publication ARDS classification	subsequent ARDS; individual interval unavailable		False	Illumina MiSeq	16S amplicon, long single-end processed at 350-500 nt	single_public_cohort	single_end_combined_by_biosample	54	female	24.67	NA	0	NA	NA	true		direct_public_label
PRJNA893348	E47	E47	SAMN31418924	SAMN31418924	SRR22016151	SAMN31418924	rectal swab	within 24 h of AP onset (cohort-level report)	NA	<=24h_cohort_level	0	source-publication ARDS classification	subsequent ARDS; individual interval unavailable		False	Illumina MiSeq	16S amplicon, long single-end processed at 350-500 nt	single_public_cohort	single_end_combined_by_biosample	79	male	24.18	NA	0	NA	NA	true		direct_public_label
PRJNA893348	E49	E49	SAMN31418925	SAMN31418925	SRR22016150	SAMN31418925	rectal swab	within 24 h of AP onset (cohort-level report)	NA	<=24h_cohort_level	0	source-publication ARDS classification	subsequent ARDS; individual interval unavailable		False	Illumina MiSeq	16S amplicon, long single-end processed at 350-500 nt	single_public_cohort	single_end_combined_by_biosample	30	male	28.9	NA	0	NA	NA	true		direct_public_label
PRJNA893348	E52	E52	SAMN31418926	SAMN31418926	SRR22016148	SAMN31418926	rectal swab	within 24 h of AP onset (cohort-level report)	NA	<=24h_cohort_level	0	source-publication ARDS classification	subsequent ARDS; individual interval unavailable		False	Illumina MiSeq	16S amplicon, long single-end processed at 350-500 nt	single_public_cohort	single_end_combined_by_biosample	40	female	23.94	NA	0	NA	NA	true		direct_public_label
PRJNA893348	E53	E53	SAMN31418927	SAMN31418927	SRR22016147	SAMN31418927	rectal swab	within 24 h of AP onset (cohort-level report)	NA	<=24h_cohort_level	0	source-publication ARDS classification	subsequent ARDS; individual interval unavailable		False	Illumina MiSeq	16S amplicon, long single-end processed at 350-500 nt	single_public_cohort	single_end_combined_by_biosample	38	male	22.48	NA	0	NA	NA	true		direct_public_label
PRJNA893348	E58	E58	SAMN31418928	SAMN31418928	SRR22016146	SAMN31418928	rectal swab	within 24 h of AP onset (cohort-level report)	NA	<=24h_cohort_level	0	source-publication ARDS classification	subsequent ARDS; individual interval unavailable		False	Illumina MiSeq	16S amplicon, long single-end processed at 350-500 nt	single_public_cohort	single_end_combined_by_biosample	49	female	26.14	NA	0	NA	NA	true		direct_public_label
PRJNA893348	E61	E61	SAMN31418929	SAMN31418929	SRR22016145	SAMN31418929	rectal swab	within 24 h of AP onset (cohort-level report)	NA	<=24h_cohort_level	0	source-publication ARDS classification	subsequent ARDS; individual interval unavailable		False	Illumina MiSeq	16S amplicon, long single-end processed at 350-500 nt	single_public_cohort	single_end_combined_by_biosample	32	male	27.44	NA	0	NA	NA	true		direct_public_label
PRJNA893348	Z24	Z24	SAMN31418930	SAMN31418930	SRR22016144	SAMN31418930	rectal swab	within 24 h of AP onset (cohort-level report)	NA	<=24h_cohort_level	0	source-publication ARDS classification	subsequent ARDS; individual interval unavailable		False	Illumina MiSeq	16S amplicon, long single-end processed at 350-500 nt	single_public_cohort	single_end_combined_by_biosample	32	male	32.22	NA	0	NA	NA	true		direct_public_label
PRJNA893348	J1	J1	SAMN31418931	SAMN31418931	SRR22016143	SAMN31418931	rectal swab	within 24 h of AP onset (cohort-level report)	NA	<=24h_cohort_level	not applicable	source-publication ARDS classification	subsequent ARDS; individual interval unavailable		False	Illumina MiSeq	16S amplicon, long single-end processed at 350-500 nt	single_public_cohort	single_end_combined_by_biosample	30	male	24.81	NA	not applicable	NA	NA	false	healthy_control_not_primary	direct_public_label
PRJNA893348	J2	J2	SAMN31418932	SAMN31418932	SRR22016142	SAMN31418932	rectal swab	within 24 h of AP onset (cohort-level report)	NA	<=24h_cohort_level	not applicable	source-publication ARDS classification	subsequent ARDS; individual interval unavailable		False	Illumina MiSeq	16S amplicon, long single-end processed at 350-500 nt	single_public_cohort	single_end_combined_by_biosample	37	male	24.83	NA	not applicable	NA	NA	false	healthy_control_not_primary	direct_public_label
PRJNA893348	J3	J3	SAMN31418933	SAMN31418933	SRR22016141	SAMN31418933	rectal swab	within 24 h of AP onset (cohort-level report)	NA	<=24h_cohort_level	not applicable	source-publication ARDS classification	subsequent ARDS; individual interval unavailable		False	Illumina MiSeq	16S amplicon, long single-end processed at 350-500 nt	single_public_cohort	single_end_combined_by_biosample	28	female	19.24	NA	not applicable	NA	NA	false	healthy_control_not_primary	direct_public_label
PRJNA893348	J4	J4	SAMN31418934	SAMN31418934	SRR22016140	SAMN31418934	rectal swab	within 24 h of AP onset (cohort-level report)	NA	<=24h_cohort_level	not applicable	source-publication ARDS classification	subsequent ARDS; individual interval unavailable		False	Illumina MiSeq	16S amplicon, long single-end processed at 350-500 nt	single_public_cohort	single_end_combined_by_biosample	28	female	20.28	NA	not applicable	NA	NA	false	healthy_control_not_primary	direct_public_label
PRJNA893348	J5	J5	SAMN31418935	SAMN31418935	SRR22016139	SAMN31418935	rectal swab	within 24 h of AP onset (cohort-level report)	NA	<=24h_cohort_level	not applicable	source-publication ARDS classification	subsequent ARDS; individual interval unavailable		False	Illumina MiSeq	16S amplicon, long single-end processed at 350-500 nt	single_public_cohort	single_end_combined_by_biosample	33	female	21.04	NA	not applicable	NA	NA	false	healthy_control_not_primary	direct_public_label
PRJNA893348	J6	J6	SAMN31418936	SAMN31418936	SRR22016137	SAMN31418936	rectal swab	within 24 h of AP onset (cohort-level report)	NA	<=24h_cohort_level	not applicable	source-publication ARDS classification	subsequent ARDS; individual interval unavailable		False	Illumina MiSeq	16S amplicon, long single-end processed at 350-500 nt	single_public_cohort	single_end_combined_by_biosample	24	female	22.71	NA	not applicable	NA	NA	false	healthy_control_not_primary	direct_public_label
PRJNA893348	J7	J7	SAMN31418937	SAMN31418937	SRR22016136	SAMN31418937	rectal swab	within 24 h of AP onset (cohort-level report)	NA	<=24h_cohort_level	not applicable	source-publication ARDS classification	subsequent ARDS; individual interval unavailable		False	Illumina MiSeq	16S amplicon, long single-end processed at 350-500 nt	single_public_cohort	single_end_combined_by_biosample	30	male	27.04	NA	not applicable	NA	NA	false	healthy_control_not_primary	direct_public_label
PRJNA893348	J8	J8	SAMN31418938	SAMN31418938	SRR22016135	SAMN31418938	rectal swab	within 24 h of AP onset (cohort-level report)	NA	<=24h_cohort_level	not applicable	source-publication ARDS classification	subsequent ARDS; individual interval unavailable		False	Illumina MiSeq	16S amplicon, long single-end processed at 350-500 nt	single_public_cohort	single_end_combined_by_biosample	37	female	18.53	NA	not applicable	NA	NA	false	healthy_control_not_primary	direct_public_label
PRJNA893348	J9	J9	SAMN31418939	SAMN31418939	SRR22016134	SAMN31418939	rectal swab	within 24 h of AP onset (cohort-level report)	NA	<=24h_cohort_level	not applicable	source-publication ARDS classification	subsequent ARDS; individual interval unavailable		False	Illumina MiSeq	16S amplicon, long single-end processed at 350-500 nt	single_public_cohort	single_end_combined_by_biosample	58	female	24.81	NA	not applicable	NA	NA	false	healthy_control_not_primary	direct_public_label
PRJNA893348	J10	J10	SAMN31418940	SAMN31418940	SRR22016133	SAMN31418940	rectal swab	within 24 h of AP onset (cohort-level report)	NA	<=24h_cohort_level	not applicable	source-publication ARDS classification	subsequent ARDS; individual interval unavailable		False	Illumina MiSeq	16S amplicon, long single-end processed at 350-500 nt	single_public_cohort	single_end_combined_by_biosample	58	female	23.16	NA	not applicable	NA	NA	false	healthy_control_not_primary	direct_public_label
PRJNA893348	J11	J11	SAMN31418941	SAMN31418941	SRR22016132	SAMN31418941	rectal swab	within 24 h of AP onset (cohort-level report)	NA	<=24h_cohort_level	not applicable	source-publication ARDS classification	subsequent ARDS; individual interval unavailable		False	Illumina MiSeq	16S amplicon, long single-end processed at 350-500 nt	single_public_cohort	single_end_combined_by_biosample	27	female	19.31	NA	not applicable	NA	NA	false	healthy_control_not_primary	direct_public_label
PRJNA893348	J12	J12	SAMN31418942	SAMN31418942	SRR22016131	SAMN31418942	rectal swab	within 24 h of AP onset (cohort-level report)	NA	<=24h_cohort_level	not applicable	source-publication ARDS classification	subsequent ARDS; individual interval unavailable		False	Illumina MiSeq	16S amplicon, long single-end processed at 350-500 nt	single_public_cohort	single_end_combined_by_biosample	31	female	21.03	NA	not applicable	NA	NA	false	healthy_control_not_primary	direct_public_label
PRJNA893348	J13	J13	SAMN31418943	SAMN31418943	SRR22016130	SAMN31418943	rectal swab	within 24 h of AP onset (cohort-level report)	NA	<=24h_cohort_level	not applicable	source-publication ARDS classification	subsequent ARDS; individual interval unavailable		False	Illumina MiSeq	16S amplicon, long single-end processed at 350-500 nt	single_public_cohort	single_end_combined_by_biosample	53	male	27.87	NA	not applicable	NA	NA	false	healthy_control_not_primary	direct_public_label
PRJNA893348	J14	J14	SAMN31418944	SAMN31418944	SRR22016129	SAMN31418944	rectal swab	within 24 h of AP onset (cohort-level report)	NA	<=24h_cohort_level	not applicable	source-publication ARDS classification	subsequent ARDS; individual interval unavailable		False	Illumina MiSeq	16S amplicon, long single-end processed at 350-500 nt	single_public_cohort	single_end_combined_by_biosample	60	male	19.61	NA	not applicable	NA	NA	false	healthy_control_not_primary	direct_public_label
PRJNA893348	J15	J15	SAMN31418945	SAMN31418945	SRR22016128	SAMN31418945	rectal swab	within 24 h of AP onset (cohort-level report)	NA	<=24h_cohort_level	not applicable	source-publication ARDS classification	subsequent ARDS; individual interval unavailable		False	Illumina MiSeq	16S amplicon, long single-end processed at 350-500 nt	single_public_cohort	single_end_combined_by_biosample	31	male	23.18	NA	not applicable	NA	NA	false	healthy_control_not_primary	direct_public_label
PRJNA893348	J17	J17	SAMN31418947	SAMN31418947	SRR22016125,SRR22016126	SAMN31418947	rectal swab	within 24 h of AP onset (cohort-level report)	NA	<=24h_cohort_level	not applicable	source-publication ARDS classification	subsequent ARDS; individual interval unavailable	SAMN31418947	False	Illumina MiSeq	16S amplicon, long single-end processed at 350-500 nt	single_public_cohort	single_end_combined_by_biosample	29	male	27.78	NA	not applicable	NA	NA	false	healthy_control_not_primary	direct_public_label
PRJNA893348	J18	J18	SAMN31418948	SAMN31418948	SRR22016124	SAMN31418948	rectal swab	within 24 h of AP onset (cohort-level report)	NA	<=24h_cohort_level	not applicable	source-publication ARDS classification	subsequent ARDS; individual interval unavailable		False	Illumina MiSeq	16S amplicon, long single-end processed at 350-500 nt	single_public_cohort	single_end_combined_by_biosample	34	male	20.28	NA	not applicable	NA	NA	false	healthy_control_not_primary	direct_public_label
PRJNA893348	J19	J19	SAMN31418949	SAMN31418949	SRR22016123	SAMN31418949	rectal swab	within 24 h of AP onset (cohort-level report)	NA	<=24h_cohort_level	not applicable	source-publication ARDS classification	subsequent ARDS; individual interval unavailable		False	Illumina MiSeq	16S amplicon, long single-end processed at 350-500 nt	single_public_cohort	single_end_combined_by_biosample	41	male	24.47	NA	not applicable	NA	NA	false	healthy_control_not_primary	direct_public_label
PRJNA893348	J20	J20	SAMN31418950	SAMN31418950	SRR22016122	SAMN31418950	rectal swab	within 24 h of AP onset (cohort-level report)	NA	<=24h_cohort_level	not applicable	source-publication ARDS classification	subsequent ARDS; individual interval unavailable		False	Illumina MiSeq	16S amplicon, long single-end processed at 350-500 nt	single_public_cohort	single_end_combined_by_biosample	51	male	24.22	NA	not applicable	NA	NA	false	healthy_control_not_primary	direct_public_label
