symbol	ensembl_gene_id	display_name	assembly	biotype	resolved	endpoint
ANGPT2	ENSG00000091879	ANGPT2	GRCh38	protein_coding	true	cached_successful_Ensembl_REST_lookup
AZU1	ENSG00000172232	AZU1	GRCh38	protein_coding	true	cached_successful_Ensembl_REST_lookup
CAMP	ENSG00000164047	CAMP	GRCh38	protein_coding	true	cached_successful_Ensembl_REST_lookup
CEACAM8	ENSG00000124469	CEACAM8	GRCh38	protein_coding	true	cached_successful_Ensembl_REST_lookup
CLDN5	ENSG00000184113	CLDN5	GRCh38	protein_coding	true	cached_successful_Ensembl_REST_lookup
CTSG	ENSG00000100448	CTSG	GRCh38	protein_coding	true	cached_successful_Ensembl_REST_lookup
CYBB	ENSG00000165168	CYBB	GRCh38	protein_coding	true	cached_successful_Ensembl_REST_lookup
DEFA4	ENSG00000164821	DEFA4	GRCh38	protein_coding	true	cached_successful_Ensembl_REST_lookup
ELANE	ENSG00000197561	ELANE	GRCh38	protein_coding	true	cached_successful_Ensembl_REST_lookup
FCGR1A	ENSG00000150337	FCGR1A	GRCh38	protein_coding	true	cached_successful_Ensembl_REST_lookup
FCGR3B	ENSG00000162747	FCGR3B	GRCh38	protein_coding	true	cached_successful_Ensembl_REST_lookup
ICAM1	ENSG00000090339	ICAM1	GRCh38	protein_coding	true	cached_successful_Ensembl_REST_lookup
IL1B	ENSG00000125538	IL1B	GRCh38	protein_coding	true	cached_successful_Ensembl_REST_lookup
KDR	ENSG00000128052	KDR	GRCh38	protein_coding	true	cached_successful_Ensembl_REST_lookup
LILRB1	ENSG00000104972	LILRB1	GRCh38	protein_coding	true	cached_successful_Ensembl_REST_lookup
LTF	ENSG00000012223	LTF	GRCh38	protein_coding	true	cached_successful_Ensembl_REST_lookup
MMP8	ENSG00000118113	MMP8	GRCh38	protein_coding	true	cached_successful_Ensembl_REST_lookup
MPO	ENSG00000005381	MPO	GRCh38	protein_coding	true	cached_successful_Ensembl_REST_lookup
MYD88	ENSG00000172936	MYD88	GRCh38	protein_coding	true	cached_successful_Ensembl_REST_lookup
NCF1	ENSG00000158517	NCF1	GRCh38	protein_coding	true	cached_successful_Ensembl_REST_lookup
NCF2	ENSG00000116701	NCF2	GRCh38	protein_coding	true	cached_successful_Ensembl_REST_lookup
NFKB1	ENSG00000109320	NFKB1	GRCh38	protein_coding	true	/lookup/symbol/homo_sapiens/{symbol}
NLRP3	ENSG00000162711	NLRP3	GRCh38	protein_coding	true	/lookup/symbol/homo_sapiens/{symbol}
OCLN	ENSG00000197822	OCLN	GRCh38	protein_coding	true	/lookup/symbol/homo_sapiens/{symbol}
OLFM4	ENSG00000102837	OLFM4	GRCh38	protein_coding	true	/lookup/symbol/homo_sapiens/{symbol}
PADI4	ENSG00000159339	PADI4	GRCh38	protein_coding	true	/lookup/symbol/homo_sapiens/{symbol}
PRTN3	ENSG00000196415	PRTN3	GRCh38	protein_coding	true	cached_successful_Ensembl_REST_lookup
RELA	ENSG00000173039	RELA	GRCh38	protein_coding	true	cached_successful_Ensembl_REST_lookup
S100A8	ENSG00000143546	S100A8	GRCh38	protein_coding	true	cached_successful_Ensembl_REST_lookup
S100A9	ENSG00000163220	S100A9	GRCh38	protein_coding	true	cached_successful_Ensembl_REST_lookup
SELE	ENSG00000007908	SELE	GRCh38	protein_coding	true	cached_successful_Ensembl_REST_lookup
TEK	ENSG00000120156	TEK	GRCh38	protein_coding	true	cached_successful_Ensembl_REST_lookup
TJP1	ENSG00000104067	TJP1	GRCh38	protein_coding	true	cached_successful_Ensembl_REST_lookup
TLR2	ENSG00000137462	TLR2	GRCh38	protein_coding	true	cached_successful_Ensembl_REST_lookup
TLR4	ENSG00000136869	TLR4	GRCh38	protein_coding	true	cached_successful_Ensembl_REST_lookup
TNF	ENSG00000232810	TNF	GRCh38	protein_coding	true	cached_successful_Ensembl_REST_lookup
VCAM1	ENSG00000162692	VCAM1	GRCh38	protein_coding	true	cached_successful_Ensembl_REST_lookup
VWF	ENSG00000110799	VWF	GRCh38	protein_coding	true	cached_successful_Ensembl_REST_lookup
