module	symbol	direction	ensembl_gene_id	found_in_matrix
neutrophil_degranulation	MPO	1	ENSG00000005381	true
neutrophil_degranulation	ELANE	1	ENSG00000197561	true
neutrophil_degranulation	CTSG	1	ENSG00000100448	true
neutrophil_degranulation	PRTN3	1	ENSG00000196415	true
neutrophil_degranulation	AZU1	1	ENSG00000172232	true
neutrophil_degranulation	LTF	1	ENSG00000012223	true
neutrophil_degranulation	CAMP	1	ENSG00000164047	true
neutrophil_degranulation	DEFA4	1	ENSG00000164821	true
neutrophil_degranulation	MMP8	1	ENSG00000118113	true
neutrophil_degranulation	FCGR3B	1	ENSG00000162747	true
neutrophil_degranulation	CEACAM8	1	ENSG00000124469	true
neutrophil_degranulation	OLFM4	1	ENSG00000102837	true
innate_NFkB_inflammation	TLR2	1	ENSG00000137462	true
innate_NFkB_inflammation	TLR4	1	ENSG00000136869	true
innate_NFkB_inflammation	MYD88	1	ENSG00000172936	true
innate_NFkB_inflammation	NFKB1	1	ENSG00000109320	true
innate_NFkB_inflammation	RELA	1	ENSG00000173039	true
innate_NFkB_inflammation	IL1B	1	ENSG00000125538	true
innate_NFkB_inflammation	TNF	1	ENSG00000232810	true
innate_NFkB_inflammation	NLRP3	1	ENSG00000162711	true
innate_NFkB_inflammation	S100A8	1	ENSG00000143546	true
innate_NFkB_inflammation	S100A9	1	ENSG00000163220	true
innate_NFkB_inflammation	LILRB1	1	ENSG00000104972	true
innate_NFkB_inflammation	FCGR1A	1	ENSG00000150337	true
NETosis_oxidative_burst	PADI4	1	ENSG00000159339	true
NETosis_oxidative_burst	MPO	1	ENSG00000005381	true
NETosis_oxidative_burst	ELANE	1	ENSG00000197561	true
NETosis_oxidative_burst	PRTN3	1	ENSG00000196415	true
NETosis_oxidative_burst	CTSG	1	ENSG00000100448	true
NETosis_oxidative_burst	S100A8	1	ENSG00000143546	true
NETosis_oxidative_burst	S100A9	1	ENSG00000163220	true
NETosis_oxidative_burst	CYBB	1	ENSG00000165168	true
NETosis_oxidative_burst	NCF1	1	ENSG00000158517	true
NETosis_oxidative_burst	NCF2	1	ENSG00000116701	true
endothelial_barrier_injury	ANGPT2	1	ENSG00000091879	false
endothelial_barrier_injury	ICAM1	1	ENSG00000090339	true
endothelial_barrier_injury	VCAM1	1	ENSG00000162692	true
endothelial_barrier_injury	SELE	1	ENSG00000007908	false
endothelial_barrier_injury	VWF	1	ENSG00000110799	true
endothelial_barrier_injury	CLDN5	-1	ENSG00000184113	true
endothelial_barrier_injury	OCLN	-1	ENSG00000197822	true
endothelial_barrier_injury	TJP1	-1	ENSG00000104067	false
endothelial_barrier_injury	KDR	-1	ENSG00000128052	false
endothelial_barrier_injury	TEK	-1	ENSG00000120156	true
