sample_id	pathology	severity_ordinal	neutrophil_degranulation	innate_NFkB_inflammation	NETosis_oxidative_burst	endothelial_barrier_injury
PANNE004	Mild AP	1	-0.51057381882626	-0.0373036190318906	-0.0793850834870298	-0.235328657152729
PANNE006	Moderately-severe AP	2	-0.0677209099222237	1.14309501032539	0.368181632733734	-0.306010797639001
PANNE008	Mild AP	1	-0.22451484331593	-0.79657722942062	-0.398844661054883	-0.235362840178391
PANNE009	Mild AP	1	-0.818294788263606	-0.393117847565776	-0.746288170081413	0.0472882071396372
PANNE010	Moderately-severe AP	2	-0.304815095918237	-0.0636114523838948	-0.434043713146641	0.376636319967634
PANNE013	Severe AP	3	1.0825568396119	-0.178135610818082	0.255217114774856	-0.137491711372379
PANNE015	Mild AP	1	0.107680251538455	-0.848304174370784	-0.497475188549768	-0.277421958339034
PANNE016	Mild AP	1	-1.15743546202294	-0.591230109172678	-1.0730081104719	-0.218054730561386
PANNE018	Mild AP	1	-0.592461712480903	0.333069297540835	0.0687440458279083	0.114624901624735
PANNE019	Severe AP	3	-0.355176412656573	-0.305315940250426	-0.169957381869708	0.541334631305417
PANNE020	Mild AP	1	-0.0302309292493339	0.518344496022578	0.172412446623982	-0.297364309652599
PANNE021	Severe AP	3	2.10682892142175	1.0217071073023	1.47204554341467	0.544277897457095
PANNE023	Mild AP	1	-0.672982386464224	-0.697204900435093	-0.954630298554584	-0.126967658812386
PANNE024	Severe AP	3	1.40179178189301	-0.215870489637156	0.63638193244844	-0.297947923026748
PANNE025	Mild AP	1	-0.960841037389655	0.212665172629205	-0.506957739495705	0.0444739840526751
PANNE026	Mild AP	1	-0.540067763133893	-0.443632402146713	-0.24711062712718	-0.144658361330308
PANNE029	Mild AP	1	-0.425483438507647	-0.432873671836767	-0.468067156117031	-0.228126206199005
PANNE030	Moderately-severe AP	2	-0.201753070369244	-0.0110875471181212	-0.387496914524822	-0.0653108102027183
PANNE031	Mild AP	1	-0.0524826305977596	-0.695485004804792	-0.392249536582457	-0.213273700195139
PANNE032	Mild AP	1	1.08869152540419	-0.356888961999422	0.309401130986186	0.0833366694683321
PANNE033	Mild AP	1	0.124171329662005	-0.344833749960428	-0.2432456090446	0.174253425206285
PANNE035	Moderately-severe AP	2	-0.377496492683452	-0.260185890659051	-0.0544216112794475	-0.0572337907283999
PANNE036	Mild AP	1	-0.436596578959964	0.606166647462041	0.00719878808564624	0.457274826180872
PANNE038	Mild AP	1	-0.338813458472734	0.0780293508903532	0.04670046498645	0.0133153826605658
PANNE039	Mild AP	1	0.0599369792296672	-0.694577922716823	-0.235699345039867	-0.62898023542403
PANNE042	Moderately-severe AP	2	0.018939203878283	1.17657625188038	0.791062366995895	0.133649856122674
PANNE043	Mild AP	1	-0.129657149435255	-0.414522088521055	-0.279384145858617	0.253177417120426
PANNE044	Moderately-severe AP	2	-0.0587051512391082	-0.105438658442342	0.0255017961416336	0.0276748942669336
PANNE045	Mild AP	1	0.207772293873329	-0.194672608967446	-0.278634042731195	0.180502922715893
PANNE048	Mild AP	1	-0.153966208425273	-0.485900703620569	0.127333623241881	-0.732699703553816
PANNE049	Mild AP	1	-0.276651372031002	1.16568517451951	0.310478865802539	-0.567441910115744
PANNE051	Mild AP	1	-0.744544339482316	-1.16255906593967	-0.801940065908557	-0.127387271006997
PANNE052	Mild AP	1	-1.47028907117304	-1.20860553040304	-1.65671492264884	0.289800036579382
PANNE054	Mild AP	1	-0.517136479746338	-1.18739313515824	-0.976363408916009	-0.444218235303027
PANNE055	Moderately-severe AP	2	0.892468156391991	-1.38962065871917	-0.110417390639978	-0.239365688914872
PANNE057	Mild AP	1	-0.657712946919443	0.139351980466721	-0.171126967451603	0.637937189242429
PANNE058	Mild AP	1	0.380111925369681	-0.293332142965585	0.129416259817081	-0.321570511987023
PANNE059	Moderately-severe AP	2	0.43527838230778	0.081862233588314	-0.289593401281201	-0.576935910492113
PANNE060	Mild AP	1	0.0691377365890863	0.0232990733045437	0.127627396800993	-0.673820138303152
PANNE064	Mild AP	1	0.0347951889950243	-0.389328693504234	-0.270469955906817	-0.700676133956863
PANNE065	Mild AP	1	-0.659237507750278	-0.672031709486947	-1.11215441700659	0.116051816355295
PANNE069	Mild AP	1	-1.52040108850616	-1.52787232639953	-1.64396499530852	-0.748077616747209
PANNE070	Mild AP	1	-0.503002024340778	-0.738620874297096	-0.927811313438967	0.0674974419125303
PANNE071	Mild AP	1	-0.688457048022093	0.076737713836389	-0.115285995021161	0.401238665484232
PANNE072	Mild AP	1	0.867415770997683	0.832587161594286	0.86744728964473	0.00399322665834327
PANNE074	Mild AP	1	1.3973661103102	0.00339898253253826	0.715365821415409	0.156776897436648
PANNE076	Moderately-severe AP	2	0.19724166570062	0.201286753268441	0.33752407906702	0.578671417657438
PANNE077	Mild AP	1	2.30207341439114	0.260747593940643	1.60446285244505	-0.336334886619587
PANNE078	Mild AP	1	-0.593677739197933	0.174502144077151	-0.0674627953908916	0.0641359195592361
PANNE079	Mild AP	1	-0.00749818575003074	-0.187778097724579	-0.236857016525945	-0.174725943758196
PANNE080	Mild AP	1	-0.921514342779588	-0.0178801343909093	-0.432639320295074	-0.438437605571119
PANNE081	Mild AP	1	-0.982256844023267	-0.570333733756803	-0.804632613211667	-0.00973600948593395
PANNE082	Moderately-severe AP	2	0.337060309277711	0.180792885054945	0.433887290824436	0.330825704760342
PANNE085	Moderately-severe AP	2	0.897916500078046	1.66660827691262	1.17753370067255	0.268637052684641
PANWES003	Mild AP	1	0.043660966261382	1.32952240637195	0.626972738574798	-0.48402870605737
PANNE002	Mild AP	1	-0.17873730385255	0.520767790546298	0.0266404951025867	0.0713139648303467
PANNE003	Mild AP	1	0.481884595943526	1.34314619836785	1.03894061440848	1.43906914739027
PANNE005	Moderately-severe AP	2	0.285713289227576	-0.451830691004111	0.148826211715003	0.179620064885071
PANNE011	Moderately-severe AP	2	0.141163676695212	0.659329770258688	0.302845840212881	-0.0389581659982363
PANNE014	Mild AP	1	-0.230331729081474	1.60228657109034	0.456593423178381	0.24107477402425
PANNE017	Mild AP	1	0.448055147641394	-0.0357700765524262	0.224286826475671	-0.353826672785529
PANNE028	Mild AP	1	0.569763113539179	-0.891678070829	-0.273524223220452	-0.305933227494393
PANNE034	Mild AP	1	-0.578740146785361	-0.219392398023904	-0.323567459180246	-0.00794628683418396
PANNE040	Moderately-severe AP	2	0.471765429313246	0.567088739419154	0.573135089565199	0.423683408715228
PANNE041	Mild AP	1	-0.333744546401605	-0.390745754764105	-0.193867223181539	0.142541837635828
PANNE047	Mild AP	1	0.936140808838	0.250063317486356	0.744244555896264	-0.15904267215298
PANNE050	Moderately-severe AP	2	0.541857854494152	1.10115181971468	0.917478940929529	0.142650658870983
PANNE053	Mild AP	1	1.09975116515038	0.18247733005761	0.840128431685146	0.627389875617275
PANNE056	Mild AP	1	0.369306954431468	-0.141288569541407	0.10005886813846	-0.120500059944433
PANNE062	Mild AP	1	-0.336556266383258	0.283828926020181	0.0791820143456088	0.15151542441864
PANNE063	Mild AP	1	-0.501658281981852	0.736810089801029	0.425595580854837	0.531594491227051
PANNE066	Severe AP	3	0.0960090753137889	0.857543580770121	0.415316649135418	0.125327001754607
PANNE068	Mild AP	1	0.217612749237313	-0.959599145096668	-0.389821043172589	-0.0132962759167891
PANNE073	Mild AP	1	-0.668306000819561	0.129970159000747	-0.188023338126863	-0.142929887466218
PANNE075	Severe AP	3	0.341064637044244	1.6905683441904	0.829056221752018	0.49952825208037
PANSEP001	Moderately-severe AP	2	0.143503929535539	0.0417411540427538	0.0739616554378005	0.508980241135976
PANSEP002	Moderately-severe AP	2	0.0137761532220438	-0.953562707026591	-0.687139119295395	-0.396457882598231
PANSEP003	Severe AP	3	0.188834981377546	0.549658684570378	0.417926959870782	-0.143140987066378
PANSEP004	Moderately-severe AP	2	1.19529005115957	-0.0474347287829942	0.896310894786196	-0.116277539915765
PANSEP005	Moderately-severe AP	2	0.0669976772810644	0.201278151493044	0.234795424446289	0.506931778328385
PANSEP006	Severe AP	3	0.620959461650368	0.481025657169534	0.413073797000439	0.273293685526166
PANSEP007	Moderately-severe AP	2	0.389467391065434	1.01350697528795	1.07683693599757	0.918954557270319
PANSEP008	Severe AP	3	0.733224019663701	1.25115021995765	0.973720242393786	0.546009786176283
PANWES002	Mild AP	1	-0.0402868807313919	-0.805733624054479	-0.488692456207255	-0.51033861641056
PANWES004	Severe AP	3	-0.645819278106913	0.32859091195139	-0.0371541356279634	0.0522772440552971
PANWES005	Mild AP	1	-0.549337682725505	-1.12537980811131	-0.877779232898751	-0.304873494435967
PANWES006	Mild AP	1	-1.38907097008175	-1.08347784430461	-1.29595070977447	-0.630631165855108
