patient_id	group	blood_run	neutrophil_run	blood_depth	neutrophil_depth	blood_score	neutrophil_score	blood_strict_score	neutrophil_strict_score	pair_qc_ge100	pair_qc_ge1000	blood_Borreliella_detected	neutrophil_Borreliella_detected	blood_Escherichia_detected	neutrophil_Escherichia_detected	blood_Staphylococcus_detected	neutrophil_Staphylococcus_detected	blood_Enterococcus_detected	neutrophil_Enterococcus_detected	blood_Klebsiella_detected	neutrophil_Klebsiella_detected
Control-1	Control	SRR6441880	SRR6441903	249179	301700	-0.789799351689383	0.122537231885023	-0.453813527117496	0.875256176656923	true	true	0	0	1	1	0	0	0	0	0	1
Control-10	Control	SRR6441873	SRR6441933	189960	142353	1.28577419468202	0.253123628953851	0.993864167062602	-0.648560516790711	true	true	0	0	1	1	1	1	0	0	1	0
Control-11	Control	SRR6441888	SRR6441934	164111	468017	0.569588425471863	2.14186585380241	0.651774906958473	1.75518353592504	true	true	0	0	1	1	1	1	0	0	1	1
Control-12	Control	SRR6441889	SRR6441935	291879	379467	-0.647862693120974	-0.99158785615444	-0.243439616453533	-0.592278064726051	true	true	0	0	1	1	0	0	0	0	0	0
Control-2	Control	SRR6441881	SRR6441902	353420	336210	0.24656131436052	-0.818991723588955	1.02913431415317	-0.422105295939383	true	true	0	0	1	1	0	0	0	0	1	0
Control-3	Control	SRR6441878	SRR6441909	209574	465682	0.234478919087248	2.49108427656207	0.963505604959375	2.32922632171964	true	true	0	0	1	1	0	1	0	1	1	1
Control-4	Control	SRR6441879	SRR6441908	275928	490446	-0.62029188341486	0.00630912286075142	-0.242028167007284	-0.437194999611594	true	true	0	0	1	1	0	1	0	0	0	0
Control-5	Control	SRR6441876	SRR6441907	221055	433903	-0.640913763785018	-0.600345139230634	-0.247747259723416	-0.0741923380187254	true	true	0	0	1	1	0	0	0	0	0	0
Control-6	Control	SRR6441877	SRR6441906	202761	362362	0.717064134401525	-0.911275233399604	0.831203106238999	-0.671606698792114	true	true	0	0	1	1	1	0	1	0	0	0
Control-7	Control	SRR6441874	SRR6441911	188856	298340	-0.0568460542847311	1.7077654785003	-0.526699470194014	1.13165718377239	true	true	0	0	1	1	1	1	0	0	0	1
Control-8	Control	SRR6441875	SRR6441910	194699	381706	-0.739431521243168	-0.959305767430737	-0.405305574883441	-0.561742848665635	true	true	0	0	1	1	0	0	0	0	0	0
Control-9	Control	SRR6441872	SRR6441932	132799	296349	-0.796758326428243	2.27653380760008	-0.49299038434287	1.98935308370612	true	true	0	0	1	1	0	1	0	0	0	1
Infected-1	Infected	SRR6441852	SRR6441925	139845	98313	-0.0402049395384902	0.505893199511244	-0.832692810405884	0.517188109974512	true	true	0	0	1	1	1	1	0	1	0	0
Infected-10	Infected	SRR6441862	SRR6441963	137805	155151	0.222298913792427	1.16200860389324	-0.382390830544912	0.0491743884918879	true	true	0	0	1	1	1	1	0	0	0	0
Infected-11	Infected	SRR6441863	SRR6441962	255748	291518	0.0375215753571023	-1.05668476631016	-0.583437383828603	-0.616413448935699	true	true	0	0	1	1	1	0	0	0	0	0
Infected-12	Infected	SRR6441949	SRR6441965	131524	146352	1.53670259619792	-0.450262835836007	-0.418915630730528	0.0754845699390364	true	true	0	0	1	1	1	0	0	0	0	0
Infected-13	Infected	SRR6441948	SRR6441964	218232	119613	-0.832628712849837	1.09337652241696	-0.555737159685032	0.949697166809491	true	true	0	0	1	1	0	1	0	1	0	0
Infected-14	Infected	SRR6441951	SRR6441959	164701	266348	-1.01672446401381	1.00430786373524	-0.749384096401038	0.396635184711129	true	true	0	0	1	1	0	1	0	1	0	0
Infected-15	Infected	SRR6441950	SRR6441958	110403	265603	0.306589051248354	2.5952367912328	-0.540772957211038	2.55793120244838	true	true	0	0	1	1	1	1	0	1	0	1
Infected-16	Infected	SRR6441953	SRR6441961	76802	350936	-1.10519958430534	1.54190105428512	-0.938543003472093	1.92274852545182	true	true	0	0	1	1	0	1	0	1	0	1
Infected-2	Infected	SRR6441864	SRR6441922	123580	269884	-0.751803391657799	0.934625363308657	-0.424445192046198	2.24107376990692	true	true	0	0	1	1	0	0	0	1	0	1
Infected-3	Infected	SRR6441865	SRR6441923	86407	163900	-1.17419485846498	1.51362460353729	-1.06569709904677	1.06004830510466	true	true	0	0	1	1	0	1	0	1	0	0
Infected-4	Infected	SRR6441866	SRR6441920	67864	141155	-1.18989226551683	1.68381209086278	-1.08903145888774	1.74745566575902	true	true	0	0	1	1	0	1	0	1	0	1
Infected-5	Infected	SRR6441867	SRR6441921	131541	125057	0.509595578146468	-0.667354465721417	-0.11030190374533	-0.308131596708039	true	true	0	0	1	1	1	0	1	0	0	0
Infected-6	Infected	SRR6441868	SRR6441918	95123	153162	-1.32922728358738	-0.48559756010787	-1.29244799943439	-0.964952948996988	true	true	0	0	1	1	0	1	0	0	0	0
Infected-7	Infected	SRR6441869	SRR6441919	92847	144254	-0.593288928679135	0.85298190624037	-0.980040803166664	0.74629554049221	true	true	0	0	1	1	1	1	0	0	0	1
Infected-8	Infected	SRR6441870	SRR6441916	113765	113588	-0.889730790043114	0.644834872265364	-0.660555711850042	0.248632192295116	true	true	0	0	1	1	0	1	0	1	0	0
Infected-9	Infected	SRR6441871	SRR6441917	95850	145407	-0.577523199823277	1.85582215568313	-1.15562422065875	1.42569959487213	true	true	0	0	1	1	1	1	0	1	0	0
Septic-1	Septic	SRR6441952	SRR6441960	111944	198265	0.43090085591652	0.8381284568418	1.17817638604361	1.98208291585386	true	true	0	0	1	1	0	0	1	1	0	1
Septic-10	Septic	SRR6441974	SRR6441938	74616	154661	-1.07155101635701	-0.337508620608596	-0.926775538158337	-1.145431548757	true	true	0	0	1	1	0	1	0	0	0	0
Septic-11	Septic	SRR6441975	SRR6441939	115725	86586	0.574951784912863	-0.976174487919466	-0.418947912074364	-0.792540617951468	true	true	0	0	1	1	1	0	0	0	0	0
Septic-12	Septic	SRR6441972	SRR6441936	110599	146564	-0.0121101711383011	1.70896136932484	0.549021132392336	3.13732194611881	true	true	0	0	1	1	0	0	1	1	0	1
Septic-13	Septic	SRR6441973	SRR6441937	89159	75771	-1.27059389460451	-1.10126118035597	-1.18822434988576	-0.868436375812715	true	true	0	0	1	1	0	0	0	0	0	0
Septic-14	Septic	SRR6441966	SRR6441915	49080	257296	-1.0506340181891	-0.105870852658831	-0.805034376976118	0.676245117389289	true	true	0	0	1	1	0	0	0	1	0	0
Septic-15	Septic	SRR6441967	SRR6441914	126711	225400	-1.15082706047169	-0.400219196412292	-0.958106851582094	0.311157747075458	true	true	0	0	1	1	0	0	0	1	0	0
Septic-16	Septic	SRR6441905	SRR6441913	113796	208264	-0.106136483346949	0.956109071457148	-0.680130705655417	0.516518675050896	true	true	0	0	1	1	1	1	0	1	0	0
Septic-17	Septic	SRR6441904	SRR6441912	113796	208264	-0.106136483346949	0.956109071457148	-0.680130705655417	0.516518675050896	true	true	0	0	1	1	1	1	0	1	0	0
Septic-2	Septic	SRR6441955	SRR6441957	70790	178974	-0.994410137714013	-1.05048506272792	-0.810212495993857	-0.703724314671194	true	true	0	0	1	1	0	0	0	0	0	0
Septic-3	Septic	SRR6441954	SRR6441956	160177	176003	-0.579100527989351	0.965601747395494	-0.892421527494744	0.442666967475445	true	true	0	0	1	1	1	1	0	1	0	0
Septic-4	Septic	SRR6441947	SRR6441944	185736	333900	-0.672094124996208	-0.198312518125554	-0.337569336857752	0.559859785782783	true	true	0	0	1	1	0	0	0	1	0	0
Septic-5	Septic	SRR6441946	SRR6441945	86419	174431	-1.08627817508085	-0.453665069989481	-0.944969942457477	0.101071625637047	true	true	0	0	1	1	0	0	0	0	0	0
Septic-6	Septic	SRR6441970	SRR6441942	67835	115044	-0.659860862260341	1.64489571855562	-0.311254422123207	1.0778926418572	true	true	0	0	1	1	0	1	0	0	0	1
Septic-7	Septic	SRR6441971	SRR6441943	65631	128868	-1.24318485764197	0.703489378447031	-1.13111594814784	0.454467715672159	true	true	0	0	1	1	0	1	0	1	0	0
Septic-8	Septic	SRR6441968	SRR6441940	96241	143416	-0.949564759133143	0.671076611490237	-0.751911971534828	-0.440391924360706	true	true	0	0	1	1	0	1	0	0	0	0
Septic-9	Septic	SRR6441969	SRR6441941	156049	269140	-0.856851178131561	1.90766049462066	-0.598150152351916	3.34652063925147	true	true	0	0	1	1	0	0	0	1	0	0
Uninfected-1	Uninfected	SRR6441886	SRR6441928	142424	98303	-0.789667714742685	0.284569713281726	-0.517445969643554	-0.449620402675607	true	true	0	0	1	1	0	1	0	0	0	0
Uninfected-10	Uninfected	SRR6441860	SRR6441900	262950	170793	-0.981932531374087	-0.535370121091711	-0.710725090726659	-0.0192792611921562	true	true	0	0	1	1	0	0	0	0	0	0
Uninfected-11	Uninfected	SRR6441859	SRR6441895	128375	170025	-0.920511231314182	2.47371292102342	-0.640245575194999	1.78160131266889	true	true	0	0	1	1	0	1	0	0	0	1
Uninfected-12	Uninfected	SRR6441858	SRR6441894	225603	69877	0.205926096781607	1.18731418602443	-0.544201456438347	0.892417363010079	true	true	0	0	1	1	1	1	0	0	0	1
Uninfected-13	Uninfected	SRR6441857	SRR6441897	57471	79791	-1.07457109758701	-0.674413387692132	-0.913167558475476	-0.205241941922996	true	true	0	0	1	1	0	0	0	0	0	0
Uninfected-14	Uninfected	SRR6441856	SRR6441896	179993	129646	-0.753927722861523	0.838405622389731	-0.45882968643908	-0.129754484087672	true	true	0	0	1	1	0	1	0	0	0	0
Uninfected-15	Uninfected	SRR6441855	SRR6441893	112211	125852	-0.0914807475029342	0.715056066511392	-0.710286760799985	1.68445774727478	true	true	0	0	1	1	1	0	0	0	0	1
Uninfected-16	Uninfected	SRR6441854	SRR6441892	97891	172676	-0.981725188440275	0.466906535298785	-0.762639532437297	-0.292945636721209	true	true	0	0	1	1	0	1	0	0	0	0
Uninfected-17	Uninfected	SRR6441853	SRR6441924	140304	35077	0.0324080358710392	0.0904507142633191	-0.593752342886287	-0.624988122904379	true	true	0	0	1	1	1	1	0	0	0	0
Uninfected-2	Uninfected	SRR6441887	SRR6441929	120710	79052	-0.967900771512133	-0.819215377946114	-0.735761239265909	-0.456382169723376	true	true	0	0	1	1	0	0	0	0	0	0
Uninfected-3	Uninfected	SRR6441884	SRR6441930	89906	148277	-1.03690326324616	0.188338634593767	-0.870183486607473	1.11304087939362	true	true	0	0	1	1	0	0	0	1	0	0
Uninfected-4	Uninfected	SRR6441885	SRR6441931	129968	100674	-0.930279374868306	0.600150018983206	-0.713449396076081	-0.372518470816886	true	true	0	0	1	1	0	1	0	0	0	0
Uninfected-5	Uninfected	SRR6441882	SRR6441926	112652	157914	-0.0213051310064562	0.675981712468805	-0.839804000297513	0.373276352389821	true	true	0	0	1	1	1	1	0	1	0	0
Uninfected-6	Uninfected	SRR6441883	SRR6441927	86235	185922	-0.945609646201984	0.00135674483432473	-0.739744144907969	0.863845518782433	true	true	0	0	1	1	0	0	0	0	0	1
Uninfected-7	Uninfected	SRR6441890	SRR6441899	224525	229939	-0.556025291276198	-0.495752558658893	-0.152245238322645	0.103179978044671	true	true	0	0	1	1	0	0	0	0	0	0
Uninfected-8	Uninfected	SRR6441891	SRR6441898	91732	92682	-0.390381436468627	-1.21090855504395	-0.895284014312946	-0.902364182695464	true	true	0	0	1	1	1	0	0	0	0	0
Uninfected-9	Uninfected	SRR6441861	SRR6441901	45015	160410	0.029797442272	2.14236111336254	-0.856228812355096	2.03222727482673	true	true	0	0	1	1	1	1	0	1	0	1
