omitted_patient	omitted_outcome	effect_mean_difference	one_sided_permutation_p	effect_change_from_full	direction_positive
E1	1	0.638273185324291	0.0066993300669933	0.0435295313099497	true
E10	1	0.610661168031265	0.0082991700829917	0.0159175140169239	true
E12	1	0.554655611217826	0.0133986601339866	-0.040088042796515	true
E14	1	0.568841440587189	0.0135986401359864	-0.0259022134271517	true
E16	0	0.638061278545748	0.0061993800619938	0.043317624531407	true
E17	0	0.620461382244132	0.006999300069993	0.0257177282297913	true
E18	1	0.61934591982377	0.0080991900809919	0.0246022658094295	true
E2	0	0.566261449888218	0.011998800119988	-0.0284822041261227	true
E20	0	0.574383865964112	0.011998800119988	-0.0203597880502293	true
E21	0	0.583345673491519	0.0100989901009899	-0.0113979805228221	true
E23	0	0.572589837086204	0.0120987901209879	-0.0221538169281368	true
E24	0	0.644739925280518	0.0053994600539946	0.0499962712661774	true
E25	0	0.618241038319441	0.0062993700629937	0.0234973843051001	true
E26	1	0.607078176928604	0.008999100089991	0.0123345229142627	true
E27	1	0.613811881523658	0.0086991300869913	0.0190682275093174	true
E28	0	0.582333832506245	0.0108989101089891	-0.0124098215080959	true
E29	0	0.592322090772623	0.0098990100989901	-0.00242156324171749	true
E30	0	0.573709705444607	0.0125987401259874	-0.0210339485697337	true
E31	0	0.575244805760779	0.010998900109989	-0.0194988482535617	true
E32	0	0.595186712286439	0.0103989601039896	0.000443058272097785	true
E33	0	0.572834350843298	0.011998800119988	-0.0219093031710424	true
E35	1	0.564769243426663	0.0161983801619838	-0.0299744105876781	true
E36	0	0.567109356313771	0.0160983901609839	-0.0276342977005699	true
E37	1	0.577801888507197	0.0116988301169883	-0.016941765507144	true
E38	1	0.569199089590919	0.0143985601439856	-0.0255445644234219	true
E40	0	0.58411772576875	0.0120987901209879	-0.0106259282455912	true
E41	1	0.57364181611079	0.0135986401359864	-0.0211018379035514	true
E42	0	0.606603690974199	0.0075992400759924	0.011860036959858	true
E43	0	0.596429365451887	0.0093990600939906	0.00168571143754626	true
E44	0	0.56941770402956	0.0142985701429857	-0.0253259499847807	true
E47	0	0.567591398722891	0.0128987101289871	-0.0271522552914498	true
E48	0	0.602857092095612	0.0084991500849915	0.0081134380812713	true
E49	0	0.567028039797841	0.012998700129987	-0.0277156142164998	true
E51	0	0.623590813334832	0.0062993700629937	0.0288471593204909	true
E52	0	0.563616877046525	0.012998700129987	-0.0311267769678155	true
E53	0	0.592492467799637	0.0105989401059894	-0.00225118621470355	true
E54	1	0.567353479339717	0.0171982801719828	-0.0273901746746236	true
E55	1	0.608845172359249	0.0097990200979902	0.0141015183449076	true
E56	1	0.604067356815393	0.0076992300769923	0.00932370280105221	true
E58	0	0.626239072905669	0.0060993900609939	0.0314954188913281	true
E59	1	0.625929599154356	0.0066993300669933	0.031185945140015	true
E6	0	0.597275599539982	0.0096990300969903	0.00253194552564151	true
E60	1	0.682165860201246	0.0027997200279972	0.0874222061869052	true
E61	0	0.619967978778601	0.0064993500649935	0.0252243247642598	true
E63	1	0.654714618980058	0.0038996100389961	0.059970964965717	true
E64	1	0.556145428877159	0.0121987801219878	-0.0385982251371821	true
E65	0	0.569218000562407	0.011998800119988	-0.025525653451934	true
E66	1	0.602328867725331	0.0107989201079892	0.00758521371099041	true
E67	1	0.601031342105636	0.0110988901109889	0.0062876880912951	true
E69	0	0.612724189494818	0.0087991200879912	0.0179805354804775	true
E7	0	0.59734663827741	0.0093990600939906	0.00260298426306882	true
E70	1	0.502603053537879	0.0197980201979802	-0.0921406004764618	true
E72	1	0.554364288748826	0.0145985401459854	-0.0403793652655147	true
E73	0	0.637679713210404	0.0061993800619938	0.0429360591960632	true
E74	0	0.585468335155068	0.0122987701229877	-0.00927531885927324	true
E8	1	0.571760334300553	0.0126987301269873	-0.0229833197137884	true
Z23	1	0.626998281090941	0.0081991800819918	0.0322546270766005	true
Z24	0	0.56487655265288	0.0127987201279872	-0.0298671013614609	true
Z26	1	0.66009562387936	0.0046995300469953	0.0653519698650187	true
Z29	0	0.592977106404857	0.0100989901009899	-0.00176654760948414	true
Z31	1	0.54685227618499	0.0154984501549845	-0.0478913778293512	true
Z36	0	0.640611900415485	0.0063993600639936	0.0458682464011436	true
Z41	0	0.612207824725108	0.0063993600639936	0.0174641707107676	true
Z43	0	0.571551980263829	0.0116988301169883	-0.0231916737505118	true
Z44	0	0.616287134403389	0.0081991800819918	0.0215434803890485	true
